id,created_at,user_id,path,scroll_depth
256,2024-04-25 21:11:20.710034+00,user_2fbBaikFt78ejPPwICvSZ9frqY8,/home?,80.71748878923766
257,2024-04-25 21:11:24.693188+00,user_2fbBaikFt78ejPPwICvSZ9frqY8,/economy/2056798a-0be2-4d4b-bb61-29169aefe8c5/us-economy-resilience-questions-fed-rate-cuts?,81.94583751253761
258,2024-04-25 21:37:15.35806+00,user_2fbBaikFt78ejPPwICvSZ9frqY8,/home?,83.37236533957847
259,2024-04-25 21:46:19.43268+00,user_2fbBaikFt78ejPPwICvSZ9frqY8,/home?,81.0304449648712
260,2024-04-25 21:46:20.940746+00,user_2fbBaikFt78ejPPwICvSZ9frqY8,/home?,80.09367681498829
261,2024-04-25 21:47:14.404285+00,user_2fbBaikFt78ejPPwICvSZ9frqY8,/settings?,80.52884615384616
262,2024-04-25 21:47:14.895224+00,user_2fbBaikFt78ejPPwICvSZ9frqY8,/settings?,81.49038461538461
263,2024-04-25 21:47:21.055881+00,user_2fbBaikFt78ejPPwICvSZ9frqY8,/home?,81.26463700234193
264,2024-04-25 21:47:41.169432+00,user_2fbBaikFt78ejPPwICvSZ9frqY8,/economy/2056798a-0be2-4d4b-bb61-29169aefe8c5/us-economy-resilience-questions-fed-rate-cuts?,80.14042126379137
265,2024-04-26 16:55:09.316495+00,user_2fU9K3LbleJBLUzLKPq1rrFoca0,/economy/2056798a-0be2-4d4b-bb61-29169aefe8c5/us-economy-resilience-questions-fed-rate-cuts?,81.95926285160039
266,2024-04-26 17:05:48.006853+00,user_2fU9K3LbleJBLUzLKPq1rrFoca0,/home?,80.30803080308031
267,2024-04-27 11:02:57.650238+00,user_2fU9K3LbleJBLUzLKPq1rrFoca0,/home?,81.16906914409337
268,2024-04-27 11:03:20.238248+00,user_2fU9K3LbleJBLUzLKPq1rrFoca0,/home?,80.42915505124515
269,2024-04-27 11:03:22.879099+00,user_2fU9K3LbleJBLUzLKPq1rrFoca0,/home?,80.57713651498335
270,2024-04-27 13:44:31.902598+00,user_2fU9K3LbleJBLUzLKPq1rrFoca0,/home?,99.78046103183314
271,2024-04-27 13:46:50.95903+00,user_2fU9K3LbleJBLUzLKPq1rrFoca0,/economy/84909186-fd60-47e5-8996-3d099a23a632/us-economy-resilience-questions-fed-rate-cuts?,80.53204353083434
272,2024-04-27 13:47:08.698794+00,user_2fU9K3LbleJBLUzLKPq1rrFoca0,/economy/84909186-fd60-47e5-8996-3d099a23a632/us-economy-resilience-questions-fed-rate-cuts?,82.58766626360338
273,2024-04-27 13:47:34.345307+00,user_2fU9K3LbleJBLUzLKPq1rrFoca0,/home?,80.30803080308031
274,2024-04-27 13:48:01.792037+00,user_2fU9K3LbleJBLUzLKPq1rrFoca0,/home?,80.63806380638063
275,2024-04-27 13:49:46.428803+00,user_2fU9K3LbleJBLUzLKPq1rrFoca0,/economy/2056798a-0be2-4d4b-bb61-29169aefe8c5/us-economy-resilience-questions-fed-rate-cuts?,80.7738814993954
276,2024-04-27 13:59:48.095107+00,user_2fU9K3LbleJBLUzLKPq1rrFoca0,/home?,81.73817381738175
277,2024-04-28 10:25:51.846708+00,user_2fU9K3LbleJBLUzLKPq1rrFoca0,/economy/2056798a-0be2-4d4b-bb61-29169aefe8c5/us-economy-resilience-questions-fed-rate-cuts?,80.69835111542191
278,2024-04-28 10:26:00.205786+00,user_2fU9K3LbleJBLUzLKPq1rrFoca0,/economy/2056798a-0be2-4d4b-bb61-29169aefe8c5/us-economy-resilience-questions-fed-rate-cuts?,80.89233753637245
279,2024-04-28 10:36:22.941376+00,user_2fU9K3LbleJBLUzLKPq1rrFoca0,/economy/2056798a-0be2-4d4b-bb61-29169aefe8c5/us-economy-resilience-questions-fed-rate-cuts?,80.98434199537093
280,2024-04-28 10:36:43.477983+00,user_2fU9K3LbleJBLUzLKPq1rrFoca0,/economy/2056798a-0be2-4d4b-bb61-29169aefe8c5/us-economy-resilience-questions-fed-rate-cuts?,80.34515819750719
281,2024-04-28 10:37:43.814431+00,user_2fU9K3LbleJBLUzLKPq1rrFoca0,/economy/2056798a-0be2-4d4b-bb61-29169aefe8c5/us-economy-resilience-questions-fed-rate-cuts?,80.40907833285894
282,2024-04-28 10:39:47.587683+00,user_2fU9K3LbleJBLUzLKPq1rrFoca0,/economy/2056798a-0be2-4d4b-bb61-29169aefe8c5/us-economy-resilience-questions-fed-rate-cuts?,95.27214695927071
283,2024-04-28 10:40:46.01331+00,user_2fU9K3LbleJBLUzLKPq1rrFoca0,/economy/2056798a-0be2-4d4b-bb61-29169aefe8c5/us-economy-resilience-questions-fed-rate-cuts?,80.66474717049677
284,2024-04-28 10:46:55.587816+00,user_2fU9K3LbleJBLUzLKPq1rrFoca0,/economy/2056798a-0be2-4d4b-bb61-29169aefe8c5/us-economy-resilience-questions-fed-rate-cuts?,81.04825627883808
285,2024-04-28 10:47:43.19443+00,user_2fU9K3LbleJBLUzLKPq1rrFoca0,/economy/2056798a-0be2-4d4b-bb61-29169aefe8c5/us-economy-resilience-questions-fed-rate-cuts?,81.36785110371225
286,2024-04-28 10:47:51.329803+00,user_2fU9K3LbleJBLUzLKPq1rrFoca0,/economy/2056798a-0be2-4d4b-bb61-29169aefe8c5/us-economy-resilience-questions-fed-rate-cuts?,80.21732377868828
287,2024-04-28 10:48:36.975638+00,user_2fU9K3LbleJBLUzLKPq1rrFoca0,/economy/2056798a-0be2-4d4b-bb61-29169aefe8c5/us-economy-resilience-questions-fed-rate-cuts?,80.15340364333653
288,2024-04-28 10:49:12.613736+00,user_2fU9K3LbleJBLUzLKPq1rrFoca0,/economy/84909186-fd60-47e5-8996-3d099a23a632/us-economy-resilience-questions-fed-rate-cuts?,80.66474717049677
289,2024-04-28 20:24:51.849563+00,user_2fU9K3LbleJBLUzLKPq1rrFoca0,/?,91.46341463414635
290,2024-04-29 13:30:31.492738+00,user_2fU9K3LbleJBLUzLKPq1rrFoca0,/economy/2056798a-0be2-4d4b-bb61-29169aefe8c5/us-economy-resilience-questions-fed-rate-cuts?,80.88995077612857
291,2024-04-29 14:06:58.765058+00,user_2fbBaikFt78ejPPwICvSZ9frqY8,/home?,82.2268326417704
292,2024-04-29 14:12:36.114776+00,user_2fU9K3LbleJBLUzLKPq1rrFoca0,/economy/a6fed0c1-533c-4e14-b4d7-e007d800fd80/us-economy-resilience-questions-fed-rate-cuts?,81.01571946795647
293,2024-04-29 14:18:39.081056+00,user_2fU9K3LbleJBLUzLKPq1rrFoca0,/home?,80.52805280528052
294,2024-04-29 14:18:46.328395+00,user_2fU9K3LbleJBLUzLKPq1rrFoca0,/home?,80.52805280528052
295,2024-04-29 14:18:56.094697+00,user_2fU9K3LbleJBLUzLKPq1rrFoca0,/home?,80.96809680968097
296,2024-04-29 14:19:22.050584+00,user_2fU9K3LbleJBLUzLKPq1rrFoca0,/home?,81.07810781078108
297,2024-04-29 14:20:03.316596+00,user_2fHkgigzGrFzFUSyXw5u6fmWJNn,/home?,81.22270742358079
298,2024-04-29 14:22:52.602898+00,user_2fHkgigzGrFzFUSyXw5u6fmWJNn,/home?,82.75109170305677
299,2024-04-29 14:23:11.636893+00,user_2fHkgigzGrFzFUSyXw5u6fmWJNn,/home?,81.00436681222706
300,2024-04-29 14:23:30.143765+00,user_2fHkgigzGrFzFUSyXw5u6fmWJNn,/home?,80.27656477438137
301,2024-04-29 14:25:25.693558+00,user_2fU9K3LbleJBLUzLKPq1rrFoca0,/home?,82.94829482948295
302,2024-04-29 14:25:32.143074+00,user_2fHkgigzGrFzFUSyXw5u6fmWJNn,/home?,98.42105263157895
303,2024-04-29 14:25:36.476386+00,user_2fHkgigzGrFzFUSyXw5u6fmWJNn,/home?,99.06600249066003
304,2024-04-29 14:25:39.664544+00,user_2fHkgigzGrFzFUSyXw5u6fmWJNn,/home?,82.5378787878788
305,2024-04-29 14:25:45.759528+00,user_2fHkgigzGrFzFUSyXw5u6fmWJNn,/home?,98.63325740318906
306,2024-04-29 14:25:55.481978+00,user_2fHkgigzGrFzFUSyXw5u6fmWJNn,/home?,100.03927729772191
307,2024-04-29 14:40:51.209127+00,user_2fHkgigzGrFzFUSyXw5u6fmWJNn,/home?,99.93796526054591
308,2024-04-29 15:30:59.932898+00,user_2fHkgigzGrFzFUSyXw5u6fmWJNn,/home?,80.58035714285714
309,2024-04-29 15:35:42.578445+00,user_2fHkgigzGrFzFUSyXw5u6fmWJNn,/home?,81.57248157248156
310,2024-04-29 15:49:09.397547+00,user_2fHkgigzGrFzFUSyXw5u6fmWJNn,/economy/84909186-fd60-47e5-8996-3d099a23a632/us-economy-resilience-questions-fed-rate-cuts?,81.93548387096774
311,2024-04-29 15:50:02.96214+00,user_2fHkgigzGrFzFUSyXw5u6fmWJNn,/economy/84909186-fd60-47e5-8996-3d099a23a632/us-economy-resilience-questions-fed-rate-cuts?,82.30414746543778
312,2024-04-29 16:14:21.193141+00,user_2fHkgigzGrFzFUSyXw5u6fmWJNn,/settings?,89.02195608782435
313,2024-04-29 16:28:26.232765+00,user_2fU9K3LbleJBLUzLKPq1rrFoca0,/economy/2056798a-0be2-4d4b-bb61-29169aefe8c5/us-economy-resilience-questions-fed-rate-cuts?,80.47385620915033
314,2024-04-29 16:32:40.547913+00,user_2fU9K3LbleJBLUzLKPq1rrFoca0,/economy/2056798a-0be2-4d4b-bb61-29169aefe8c5/us-economy-resilience-questions-fed-rate-cuts?,81.4993954050786
315,2024-04-29 16:37:57.027837+00,user_2fU9K3LbleJBLUzLKPq1rrFoca0,/home?,80.85808580858085
316,2024-04-29 16:38:02.024647+00,user_2fU9K3LbleJBLUzLKPq1rrFoca0,/home?,82.06820682068206
317,2024-04-29 16:38:57.444122+00,user_2fU9K3LbleJBLUzLKPq1rrFoca0,/home?,80.08800880088009
318,2024-04-29 16:43:22.464069+00,user_2fU9K3LbleJBLUzLKPq1rrFoca0,/home?,80.41804180418042
319,2024-04-29 16:48:20.857146+00,user_2fU9K3LbleJBLUzLKPq1rrFoca0,/economy/fd88b8e9-3b3c-4e8d-bd9e-fed3217b8185/us-economy-resilience-questions-fed-rate-cuts?,80.29020556227327
320,2024-04-29 16:52:30.083617+00,user_2fU9K3LbleJBLUzLKPq1rrFoca0,/economy/84909186-fd60-47e5-8996-3d099a23a632/us-economy-resilience-questions-fed-rate-cuts?,80.7738814993954
321,2024-04-29 16:54:55.23335+00,user_2fU9K3LbleJBLUzLKPq1rrFoca0,/home?,81.07810781078108
322,2024-04-29 17:19:09.25215+00,user_2fU9K3LbleJBLUzLKPq1rrFoca0,/economy/84909186-fd60-47e5-8996-3d099a23a632/us-economy-resilience-questions-fed-rate-cuts?,80.53204353083434
323,2024-04-29 17:19:15.725454+00,user_2fU9K3LbleJBLUzLKPq1rrFoca0,/economy/84909186-fd60-47e5-8996-3d099a23a632/us-economy-resilience-questions-fed-rate-cuts?,80.65296251511487
324,2024-04-29 17:20:00.236692+00,user_2fU9K3LbleJBLUzLKPq1rrFoca0,/economy/84909186-fd60-47e5-8996-3d099a23a632/us-economy-resilience-questions-fed-rate-cuts?,80.21338506304558
325,2024-04-29 17:24:29.008667+00,user_2fU9K3LbleJBLUzLKPq1rrFoca0,/economy/84909186-fd60-47e5-8996-3d099a23a632/us-economy-resilience-questions-fed-rate-cuts?,81.47429679922405
326,2024-04-29 17:37:24.342375+00,user_2fU9K3LbleJBLUzLKPq1rrFoca0,/home?,80.85808580858085
327,2024-04-29 17:37:37.239927+00,user_2fU9K3LbleJBLUzLKPq1rrFoca0,/home?,80.19801980198021
328,2024-04-29 17:51:25.504738+00,user_2fHkgigzGrFzFUSyXw5u6fmWJNn,/home?,80.10899182561307
329,2024-04-29 17:51:33.710348+00,user_2fHkgigzGrFzFUSyXw5u6fmWJNn,/economy/b01ec2ed-5b74-4db3-af45-241f03c18d4e/us-economy-resilience-questions-fed-rate-cuts?,82.75862068965517
330,2024-04-29 17:52:14.813083+00,user_2fHkgigzGrFzFUSyXw5u6fmWJNn,/economy/b01ec2ed-5b74-4db3-af45-241f03c18d4e/us-economy-resilience-questions-fed-rate-cuts?,81.22605363984674
331,2024-04-29 18:04:52.389711+00,user_2fHkgigzGrFzFUSyXw5u6fmWJNn,/economy/b01ec2ed-5b74-4db3-af45-241f03c18d4e/us-economy-resilience-questions-fed-rate-cuts?,99.36143039591315
332,2024-04-29 18:04:53.142494+00,user_2fHkgigzGrFzFUSyXw5u6fmWJNn,/economy/b01ec2ed-5b74-4db3-af45-241f03c18d4e/us-economy-resilience-questions-fed-rate-cuts?,81.28991060025544
333,2024-04-29 18:08:45.103487+00,user_2fHkgigzGrFzFUSyXw5u6fmWJNn,/economy?,80.41125541125541
334,2024-04-29 18:08:49.963069+00,user_2fHkgigzGrFzFUSyXw5u6fmWJNn,/economy?,80.62770562770562
335,2024-04-29 18:09:03.043534+00,user_2fHkgigzGrFzFUSyXw5u6fmWJNn,/economy/b01ec2ed-5b74-4db3-af45-241f03c18d4e/us-economy-resilience-questions-fed-rate-cuts?,82.6309067688378
336,2024-04-29 18:09:10.358086+00,user_2fHkgigzGrFzFUSyXw5u6fmWJNn,/economy/b01ec2ed-5b74-4db3-af45-241f03c18d4e/us-economy-resilience-questions-fed-rate-cuts?,81.60919540229885
337,2024-04-29 18:13:59.404334+00,user_2fHkgigzGrFzFUSyXw5u6fmWJNn,/economy/b01ec2ed-5b74-4db3-af45-241f03c18d4e/us-economy-resilience-questions-fed-rate-cuts?,80.90322580645162
338,2024-04-29 18:15:13.832914+00,user_2fU9K3LbleJBLUzLKPq1rrFoca0,/home?,80.625
339,2024-04-29 18:15:49.727626+00,user_2fU9K3LbleJBLUzLKPq1rrFoca0,/economy/b01ec2ed-5b74-4db3-af45-241f03c18d4e/us-economy-resilience-questions-fed-rate-cuts?,80.8720112517581
340,2024-04-29 18:15:53.462249+00,user_2fU9K3LbleJBLUzLKPq1rrFoca0,/home?,80.20833333333334
341,2024-04-29 18:16:15.027338+00,user_2fHkgigzGrFzFUSyXw5u6fmWJNn,/economy/b01ec2ed-5b74-4db3-af45-241f03c18d4e/us-economy-resilience-questions-fed-rate-cuts?,82.83870967741936
342,2024-04-29 18:25:26.316347+00,user_2fU9K3LbleJBLUzLKPq1rrFoca0,/economy/b01ec2ed-5b74-4db3-af45-241f03c18d4e/us-economy-resilience-questions-fed-rate-cuts?,81.43459915611815
343,2024-04-29 18:37:03.362587+00,user_2fHkgigzGrFzFUSyXw5u6fmWJNn,/economy/b01ec2ed-5b74-4db3-af45-241f03c18d4e/us-economy-resilience-questions-fed-rate-cuts?,82.9971181556196
344,2024-04-29 18:37:09.460568+00,user_2fHkgigzGrFzFUSyXw5u6fmWJNn,/economy/a896b837-f781-45f6-9e41-5a449ad4a9f6/us-economy-resilience-questions-fed-rate-cuts?,83.60189573459715
345,2024-04-29 18:55:47.170901+00,user_2fU9K3LbleJBLUzLKPq1rrFoca0,/home?,82.8125
346,2024-04-29 19:03:56.558035+00,user_2fU9K3LbleJBLUzLKPq1rrFoca0,/economy/a896b837-f781-45f6-9e41-5a449ad4a9f6/us-economy-resilience-questions-fed-rate-cuts?,81.58697863682605
347,2024-04-29 19:03:58.917432+00,user_2fU9K3LbleJBLUzLKPq1rrFoca0,/economy/a896b837-f781-45f6-9e41-5a449ad4a9f6/us-economy-resilience-questions-fed-rate-cuts?,82.29908443540182
348,2024-04-29 19:04:01.54152+00,user_2fU9K3LbleJBLUzLKPq1rrFoca0,/economy/a896b837-f781-45f6-9e41-5a449ad4a9f6/us-economy-resilience-questions-fed-rate-cuts?,85.96134282807732
349,2024-04-29 19:06:15.451624+00,user_2fU9K3LbleJBLUzLKPq1rrFoca0,/economy/a896b837-f781-45f6-9e41-5a449ad4a9f6/us-economy-resilience-questions-fed-rate-cuts?,80.16276703967446
350,2024-04-29 19:07:00.265775+00,user_2fU9K3LbleJBLUzLKPq1rrFoca0,/economy/a896b837-f781-45f6-9e41-5a449ad4a9f6/us-economy-resilience-questions-fed-rate-cuts?,80.83769633507853
351,2024-04-29 19:07:20.416032+00,user_2fU9K3LbleJBLUzLKPq1rrFoca0,/economy/a896b837-f781-45f6-9e41-5a449ad4a9f6/us-economy-resilience-questions-fed-rate-cuts?,80.83769633507853
352,2024-04-29 19:10:32.649138+00,user_2fU9K3LbleJBLUzLKPq1rrFoca0,/home?,83.125
353,2024-04-29 19:27:27.37577+00,user_2fU9K3LbleJBLUzLKPq1rrFoca0,/home?,81.25
354,2024-04-29 19:27:59.428985+00,user_2fU9K3LbleJBLUzLKPq1rrFoca0,/home?,80.76923076923077
355,2024-04-29 19:29:29.861953+00,user_2fU9K3LbleJBLUzLKPq1rrFoca0,/home?,80.76923076923077
356,2024-04-29 19:29:32.103479+00,user_2fU9K3LbleJBLUzLKPq1rrFoca0,/home?,82.05128205128204
357,2024-04-29 19:29:34.340871+00,user_2fU9K3LbleJBLUzLKPq1rrFoca0,/home?,82.05128205128204
358,2024-04-29 19:30:03.429171+00,user_2fU9K3LbleJBLUzLKPq1rrFoca0,/home?,81.5625
359,2024-04-29 19:30:58.851488+00,user_2fU9K3LbleJBLUzLKPq1rrFoca0,/home?,89.80477223427332
360,2024-04-29 19:31:59.806291+00,user_2fU9K3LbleJBLUzLKPq1rrFoca0,/home?,80.3125
361,2024-04-29 19:33:08.583356+00,user_2fU9K3LbleJBLUzLKPq1rrFoca0,/home?,82.1875
362,2024-04-29 19:33:26.791716+00,user_2fU9K3LbleJBLUzLKPq1rrFoca0,/home?,82.5
363,2024-04-29 19:33:57.813913+00,user_2fU9K3LbleJBLUzLKPq1rrFoca0,/home?,81.10599078341014
364,2024-04-29 19:34:52.182366+00,user_2fU9K3LbleJBLUzLKPq1rrFoca0,/settings?,84.29003021148036
365,2024-04-29 19:35:08.512209+00,user_2fU9K3LbleJBLUzLKPq1rrFoca0,/?,96.93877551020408
366,2024-04-29 19:35:21.338663+00,user_2fU9K3LbleJBLUzLKPq1rrFoca0,/home?,89.086859688196
367,2024-04-29 19:45:14.248661+00,user_2fU9K3LbleJBLUzLKPq1rrFoca0,/?,132.45614035087718
368,2024-04-29 19:47:09.01881+00,user_2fU9K3LbleJBLUzLKPq1rrFoca0,/home?,81.5668202764977
369,2024-04-29 19:47:22.371518+00,user_2fU9K3LbleJBLUzLKPq1rrFoca0,/home?,82.02764976958525
370,2024-04-29 19:47:23.904464+00,user_2fU9K3LbleJBLUzLKPq1rrFoca0,/home?,81.33640552995391
371,2024-04-29 19:55:14.09028+00,user_2fU9K3LbleJBLUzLKPq1rrFoca0,/home?,80.625
372,2024-04-29 19:55:18.656489+00,user_2fU9K3LbleJBLUzLKPq1rrFoca0,/home?,81.25
373,2024-04-29 20:03:03.202531+00,user_2fU9K3LbleJBLUzLKPq1rrFoca0,/economy?,116.74311926605505
374,2024-04-29 20:03:07.298246+00,user_2fU9K3LbleJBLUzLKPq1rrFoca0,/home?,83.75
375,2024-04-29 20:03:09.211077+00,user_2fU9K3LbleJBLUzLKPq1rrFoca0,/home?,83.125
376,2024-04-29 20:09:16.42759+00,user_2fU9K3LbleJBLUzLKPq1rrFoca0,/home?,81.25
377,2024-04-29 20:35:38.784745+00,user_2fU9K3LbleJBLUzLKPq1rrFoca0,/home?,80.9375
378,2024-04-29 20:40:20.703345+00,user_2fU9K3LbleJBLUzLKPq1rrFoca0,/settings?,81.941309255079
379,2024-04-29 20:40:21.635386+00,user_2fU9K3LbleJBLUzLKPq1rrFoca0,/settings?,80.1354401805869
380,2024-04-29 20:44:53.2918+00,user_2fU9K3LbleJBLUzLKPq1rrFoca0,/home?,80.625
381,2024-04-29 20:46:49.170875+00,user_2fU9K3LbleJBLUzLKPq1rrFoca0,/economy?,88.0184331797235
382,2024-04-29 20:46:54.540219+00,user_2fU9K3LbleJBLUzLKPq1rrFoca0,/economy?,84.28246013667426
383,2024-04-29 20:51:11.699615+00,user_2fU9K3LbleJBLUzLKPq1rrFoca0,/economy/a896b837-f781-45f6-9e41-5a449ad4a9f6/us-economy-resilience-questions-fed-rate-cuts?,81.38351983723297
384,2024-04-29 20:51:16.31632+00,user_2fU9K3LbleJBLUzLKPq1rrFoca0,/home?,81.25
385,2024-04-29 20:51:20.586117+00,user_2fU9K3LbleJBLUzLKPq1rrFoca0,/economy/a896b837-f781-45f6-9e41-5a449ad4a9f6/us-economy-resilience-questions-fed-rate-cuts?,81.07833163784333
386,2024-04-29 21:37:05.835104+00,user_2fHkgigzGrFzFUSyXw5u6fmWJNn,/home?,89.49152542372882
387,2024-04-29 22:11:38.508597+00,user_2fHkgigzGrFzFUSyXw5u6fmWJNn,/home?,85.81818181818181
388,2024-04-29 22:12:41.399557+00,user_2fHkgigzGrFzFUSyXw5u6fmWJNn,/home?,82.54545454545455
389,2024-04-29 22:41:50.973488+00,user_2fHkgigzGrFzFUSyXw5u6fmWJNn,/home?,96
390,2024-04-30 00:21:20.597307+00,user_2fU9K3LbleJBLUzLKPq1rrFoca0,/?,110.78431372549021
391,2024-04-30 04:12:13.45078+00,user_2fU9K3LbleJBLUzLKPq1rrFoca0,/economy/a896b837-f781-45f6-9e41-5a449ad4a9f6/us-economy-resilience-questions-fed-rate-cuts?,81.25
392,2024-04-30 04:12:40.053074+00,user_2fU9K3LbleJBLUzLKPq1rrFoca0,/?,84.21052631578947
393,2024-04-30 04:20:39.332388+00,user_2fU9K3LbleJBLUzLKPq1rrFoca0,/home?,87.6993166287016
394,2024-04-30 04:20:42.063851+00,user_2fU9K3LbleJBLUzLKPq1rrFoca0,/home?,111.26436781609195
395,2024-04-30 04:21:41.650732+00,user_2fU9K3LbleJBLUzLKPq1rrFoca0,/?,89.7196261682243
396,2024-04-30 04:21:53.401165+00,user_2fU9K3LbleJBLUzLKPq1rrFoca0,/economy/a896b837-f781-45f6-9e41-5a449ad4a9f6/us-economy-resilience-questions-fed-rate-cuts?,84.33333333333334
397,2024-04-30 04:22:10.348191+00,user_2fU9K3LbleJBLUzLKPq1rrFoca0,/?,89.81481481481481
398,2024-04-30 04:41:05.594175+00,user_2fU9K3LbleJBLUzLKPq1rrFoca0,/home?,81.13636363636364
399,2024-04-30 04:41:12.659051+00,user_2fU9K3LbleJBLUzLKPq1rrFoca0,/?,131.91489361702128
400,2024-04-30 07:23:01.686256+00,user_2fU9K3LbleJBLUzLKPq1rrFoca0,/economy?,81.5625
401,2024-04-30 08:15:32.400991+00,user_2fU9K3LbleJBLUzLKPq1rrFoca0,/home?,88.12785388127854
402,2024-04-30 08:15:34.233+00,user_2fU9K3LbleJBLUzLKPq1rrFoca0,/home?,84.0909090909091
403,2024-04-30 11:45:19.098688+00,user_2fU9K3LbleJBLUzLKPq1rrFoca0,/economy/a896b837-f781-45f6-9e41-5a449ad4a9f6/us-economy-resilience-questions-fed-rate-cuts?,81.33333333333333
404,2024-04-30 12:45:24.011215+00,user_2fU9K3LbleJBLUzLKPq1rrFoca0,/home?,80.95237779321137
405,2024-04-30 12:45:24.562889+00,user_2fU9K3LbleJBLUzLKPq1rrFoca0,/home?,84.26501351113646
406,2024-04-30 12:45:51.558567+00,user_2fU9K3LbleJBLUzLKPq1rrFoca0,/home?,83.02277748629173
407,2024-04-30 16:24:33.093017+00,user_2fHkgigzGrFzFUSyXw5u6fmWJNn,/home?,85.56338028169014
408,2024-04-30 16:26:16.825066+00,user_2fHkgigzGrFzFUSyXw5u6fmWJNn,/home?,91.45569620253164
409,2024-04-30 16:26:17.465019+00,user_2fHkgigzGrFzFUSyXw5u6fmWJNn,/home?,80.69620253164557
410,2024-04-30 16:29:21.994424+00,user_2fHkgigzGrFzFUSyXw5u6fmWJNn,/home?,85.46875
411,2024-04-30 16:30:07.783327+00,user_2fHkgigzGrFzFUSyXw5u6fmWJNn,/home?,89.74358974358975
412,2024-04-30 17:13:18.292996+00,user_2fHkgigzGrFzFUSyXw5u6fmWJNn,/economy/a896b837-f781-45f6-9e41-5a449ad4a9f6/us-economy-resilience-questions-fed-rate-cuts?,80.79545454545455
413,2024-04-30 17:13:45.646735+00,user_2fHkgigzGrFzFUSyXw5u6fmWJNn,/economy/a896b837-f781-45f6-9e41-5a449ad4a9f6/us-economy-resilience-questions-fed-rate-cuts?,81.70454545454545
414,2024-04-30 17:13:57.517891+00,user_2fHkgigzGrFzFUSyXw5u6fmWJNn,/economy/a896b837-f781-45f6-9e41-5a449ad4a9f6/us-economy-resilience-questions-fed-rate-cuts?,86.27450980392157
415,2024-04-30 17:14:27.119465+00,user_2fHkgigzGrFzFUSyXw5u6fmWJNn,/economy/a896b837-f781-45f6-9e41-5a449ad4a9f6/us-economy-resilience-questions-fed-rate-cuts?,80.76477404403245
416,2024-04-30 17:15:13.557879+00,user_2fHkgigzGrFzFUSyXw5u6fmWJNn,/economy/a896b837-f781-45f6-9e41-5a449ad4a9f6/us-economy-resilience-questions-fed-rate-cuts?,93.15789473684211
417,2024-04-30 17:17:07.46564+00,user_2fHkgigzGrFzFUSyXw5u6fmWJNn,/home?,89.15094339622641
418,2024-04-30 17:17:30.378467+00,user_2fHkgigzGrFzFUSyXw5u6fmWJNn,/home?,89.85849056603774
419,2024-04-30 19:53:48.161016+00,user_2fHkgigzGrFzFUSyXw5u6fmWJNn,/economy?,80.83700440528634
420,2024-04-30 19:58:15.818407+00,user_2fHkgigzGrFzFUSyXw5u6fmWJNn,/home?,81.1816192560175
421,2024-04-30 20:52:15.618649+00,user_2fHkgigzGrFzFUSyXw5u6fmWJNn,/economy?,83.52601156069365
422,2024-04-30 20:52:41.015611+00,user_2fU9K3LbleJBLUzLKPq1rrFoca0,/?,90.32258064516128
423,2024-04-30 20:52:52.391749+00,user_2fU9K3LbleJBLUzLKPq1rrFoca0,/?,273.8095238095238
424,2024-04-30 21:03:40.24732+00,user_2fU9K3LbleJBLUzLKPq1rrFoca0,/?,99.09909909909909
425,2024-04-30 21:08:31.160029+00,user_2fHkgigzGrFzFUSyXw5u6fmWJNn,/economy/a896b837-f781-45f6-9e41-5a449ad4a9f6/us-economy-resilience-questions-fed-rate-cuts?,80.9623430962343
426,2024-04-30 21:37:03.168796+00,user_2fU9K3LbleJBLUzLKPq1rrFoca0,/?,84.31372549019608
427,2024-04-30 21:37:07.133295+00,user_2fU9K3LbleJBLUzLKPq1rrFoca0,/?,81.81818181818183
428,2024-04-30 21:37:11.955132+00,user_2fU9K3LbleJBLUzLKPq1rrFoca0,/?,80.58252427184466
429,2024-04-30 21:37:39.467024+00,user_2fU9K3LbleJBLUzLKPq1rrFoca0,/economy/a896b837-f781-45f6-9e41-5a449ad4a9f6/us-economy-resilience-questions-fed-rate-cuts?,81.87086092715232
430,2024-04-30 21:41:45.086159+00,user_2fHkgigzGrFzFUSyXw5u6fmWJNn,/economy/a896b837-f781-45f6-9e41-5a449ad4a9f6/us-economy-resilience-questions-fed-rate-cuts?,88.49557522123894
431,2024-04-30 21:45:25.281148+00,user_2fHkgigzGrFzFUSyXw5u6fmWJNn,/economy/a896b837-f781-45f6-9e41-5a449ad4a9f6/us-economy-resilience-questions-fed-rate-cuts?,99.85250737463127
432,2024-04-30 21:45:25.977178+00,user_2fHkgigzGrFzFUSyXw5u6fmWJNn,/economy/a896b837-f781-45f6-9e41-5a449ad4a9f6/us-economy-resilience-questions-fed-rate-cuts?,84.46411012782694
433,2024-04-30 21:46:24.230663+00,user_2fHkgigzGrFzFUSyXw5u6fmWJNn,/economy/a896b837-f781-45f6-9e41-5a449ad4a9f6/us-economy-resilience-questions-fed-rate-cuts?,80.95238095238095
434,2024-04-30 21:49:32.706258+00,user_2fHkgigzGrFzFUSyXw5u6fmWJNn,/home?,80.05780346820809
435,2024-04-30 21:50:46.227992+00,user_2fHkgigzGrFzFUSyXw5u6fmWJNn,/home?,95.08670520231213
436,2024-04-30 21:51:26.728565+00,user_2fHkgigzGrFzFUSyXw5u6fmWJNn,/home?,99.13294797687861
437,2024-04-30 21:51:34.702242+00,user_2fHkgigzGrFzFUSyXw5u6fmWJNn,/home?,93.64161849710982
438,2024-04-30 21:52:17.762086+00,user_2fU9K3LbleJBLUzLKPq1rrFoca0,/?,101.96078431372548
439,2024-04-30 21:52:38.839993+00,user_2fU9K3LbleJBLUzLKPq1rrFoca0,/home?,82.13592233009709
440,2024-04-30 21:53:01.711386+00,user_2fU9K3LbleJBLUzLKPq1rrFoca0,/economy/a896b837-f781-45f6-9e41-5a449ad4a9f6/us-economy-resilience-questions-fed-rate-cuts?,80.22508038585208
441,2024-04-30 21:53:03.764633+00,user_2fHkgigzGrFzFUSyXw5u6fmWJNn,/home?,92.61213720316623
442,2024-04-30 21:53:08.005106+00,user_2fHkgigzGrFzFUSyXw5u6fmWJNn,/home?,81.26649076517151
443,2024-04-30 21:53:11.929163+00,user_2fU9K3LbleJBLUzLKPq1rrFoca0,/economy/a896b837-f781-45f6-9e41-5a449ad4a9f6/us-economy-resilience-questions-fed-rate-cuts?,106.59163987138263
444,2024-04-30 21:53:16.574352+00,user_2fHkgigzGrFzFUSyXw5u6fmWJNn,/home?,82.58575197889182
445,2024-04-30 21:53:16.615447+00,user_2fU9K3LbleJBLUzLKPq1rrFoca0,/economy/a896b837-f781-45f6-9e41-5a449ad4a9f6/us-economy-resilience-questions-fed-rate-cuts?,93.81598793363499
446,2024-04-30 21:53:25.657956+00,user_2fU9K3LbleJBLUzLKPq1rrFoca0,/economy?,88.78326996197718
447,2024-04-30 21:53:36.665146+00,user_2fU9K3LbleJBLUzLKPq1rrFoca0,/economy/a896b837-f781-45f6-9e41-5a449ad4a9f6/us-economy-resilience-questions-fed-rate-cuts?,80.78778135048232
448,2024-04-30 21:53:40.319538+00,user_2fU9K3LbleJBLUzLKPq1rrFoca0,/economy/a896b837-f781-45f6-9e41-5a449ad4a9f6/us-economy-resilience-questions-fed-rate-cuts?,82.95819935691318
449,2024-04-30 21:54:15.797297+00,user_2fHkgigzGrFzFUSyXw5u6fmWJNn,/home?,81.79419525065963
450,2024-04-30 21:54:36.017413+00,user_2fHkgigzGrFzFUSyXw5u6fmWJNn,/home?,84.1688654353562
451,2024-04-30 21:55:18.465482+00,user_2fU9K3LbleJBLUzLKPq1rrFoca0,/home?,84.85436893203884
452,2024-04-30 21:55:26.090485+00,user_2fU9K3LbleJBLUzLKPq1rrFoca0,/home?,109.09090909090908
453,2024-04-30 21:55:30.035163+00,user_2fU9K3LbleJBLUzLKPq1rrFoca0,/home?,84.39306358381504
454,2024-04-30 22:03:42.630133+00,user_2fHkgigzGrFzFUSyXw5u6fmWJNn,/economy/a896b837-f781-45f6-9e41-5a449ad4a9f6/us-economy-resilience-questions-fed-rate-cuts?,81.59203980099502
455,2024-04-30 22:03:47.515694+00,user_2fHkgigzGrFzFUSyXw5u6fmWJNn,/economy/a896b837-f781-45f6-9e41-5a449ad4a9f6/us-economy-resilience-questions-fed-rate-cuts?,89.45273631840796
456,2024-04-30 22:04:42.704128+00,user_2fHkgigzGrFzFUSyXw5u6fmWJNn,/home?,85.56430446194226
457,2024-05-01 05:06:47.06057+00,user_2fU9K3LbleJBLUzLKPq1rrFoca0,/economy/a896b837-f781-45f6-9e41-5a449ad4a9f6/us-economy-resilience-questions-fed-rate-cuts?,81.39717425431711
458,2024-05-01 05:07:06.354689+00,user_2fU9K3LbleJBLUzLKPq1rrFoca0,/economy/a896b837-f781-45f6-9e41-5a449ad4a9f6/us-economy-resilience-questions-fed-rate-cuts?,80.14128728414443
459,2024-05-01 05:07:36.791813+00,user_2fU9K3LbleJBLUzLKPq1rrFoca0,/?,89.01098901098901
460,2024-05-01 05:07:49.182822+00,user_2fU9K3LbleJBLUzLKPq1rrFoca0,/home?,91.24236252545825
461,2024-05-01 05:08:37.959594+00,user_2fU9K3LbleJBLUzLKPq1rrFoca0,/economy/a896b837-f781-45f6-9e41-5a449ad4a9f6/us-economy-resilience-questions-fed-rate-cuts?,82.6530612244898
462,2024-05-01 05:28:07.04652+00,user_2fU9K3LbleJBLUzLKPq1rrFoca0,/economy/a896b837-f781-45f6-9e41-5a449ad4a9f6/us-economy-resilience-questions-fed-rate-cuts?,81.84663536776213
463,2024-05-01 05:28:38.054291+00,user_2fU9K3LbleJBLUzLKPq1rrFoca0,/economy/a896b837-f781-45f6-9e41-5a449ad4a9f6/us-economy-resilience-questions-fed-rate-cuts?,80.61224489795919
464,2024-05-01 05:28:42.318633+00,user_2fU9K3LbleJBLUzLKPq1rrFoca0,/home?,103.0549898167006
465,2024-05-01 05:28:55.409347+00,user_2fU9K3LbleJBLUzLKPq1rrFoca0,/economy/a896b837-f781-45f6-9e41-5a449ad4a9f6/us-economy-resilience-questions-fed-rate-cuts?,80.21978021978022
466,2024-05-01 07:38:06.19487+00,user_2fU9K3LbleJBLUzLKPq1rrFoca0,/economy/a896b837-f781-45f6-9e41-5a449ad4a9f6/us-economy-resilience-questions-fed-rate-cuts?,81.86728395061729
467,2024-05-01 07:38:41.544059+00,user_2fU9K3LbleJBLUzLKPq1rrFoca0,/economy/a896b837-f781-45f6-9e41-5a449ad4a9f6/us-economy-resilience-questions-fed-rate-cuts?,80.16666666666666
468,2024-05-01 07:38:45.305901+00,user_2fU9K3LbleJBLUzLKPq1rrFoca0,/home?,80.76923076923077
469,2024-05-01 07:38:55.41879+00,user_2fU9K3LbleJBLUzLKPq1rrFoca0,/home?,80.76923076923077
470,2024-05-01 07:38:57.41926+00,user_2fU9K3LbleJBLUzLKPq1rrFoca0,/home?,83.65384615384616
471,2024-05-01 07:38:58.385083+00,user_2fU9K3LbleJBLUzLKPq1rrFoca0,/home?,80.76923076923077
472,2024-05-01 07:39:01.498967+00,user_2fU9K3LbleJBLUzLKPq1rrFoca0,/home?,80.76923076923077
473,2024-05-01 07:49:32.647971+00,user_2fU9K3LbleJBLUzLKPq1rrFoca0,/home?,98.07692307692307
474,2024-05-01 07:57:06.318973+00,user_2fU9K3LbleJBLUzLKPq1rrFoca0,/home?,87.5
475,2024-05-01 07:57:17.193817+00,user_2fU9K3LbleJBLUzLKPq1rrFoca0,/home?,80.76923076923077
476,2024-05-01 07:57:19.357854+00,user_2fU9K3LbleJBLUzLKPq1rrFoca0,/home?,80.76923076923077
477,2024-05-01 07:57:40.925425+00,user_2fU9K3LbleJBLUzLKPq1rrFoca0,/home?,80.76923076923077
478,2024-05-01 07:57:54.296045+00,user_2fU9K3LbleJBLUzLKPq1rrFoca0,/home?,83.65384615384616
479,2024-05-01 07:57:56.617498+00,user_2fU9K3LbleJBLUzLKPq1rrFoca0,/home?,80.76923076923077
480,2024-05-01 08:00:27.997737+00,user_2fU9K3LbleJBLUzLKPq1rrFoca0,/home?,83.65384615384616
481,2024-05-01 08:00:52.86374+00,user_2fU9K3LbleJBLUzLKPq1rrFoca0,/economy/a896b837-f781-45f6-9e41-5a449ad4a9f6/us-economy-resilience-questions-fed-rate-cuts?,82.41666666666667
482,2024-05-01 08:01:00.23456+00,user_2fU9K3LbleJBLUzLKPq1rrFoca0,/economy/a896b837-f781-45f6-9e41-5a449ad4a9f6/us-economy-resilience-questions-fed-rate-cuts?,82.25
483,2024-05-01 08:01:12.863549+00,user_2fU9K3LbleJBLUzLKPq1rrFoca0,/home?,82.99595141700405
484,2024-05-01 08:02:47.771061+00,user_2fU9K3LbleJBLUzLKPq1rrFoca0,/economy?,80.84677419354838
485,2024-05-01 08:04:12.905563+00,user_2fU9K3LbleJBLUzLKPq1rrFoca0,/home?,83.65384615384616
486,2024-05-01 08:04:18.665455+00,user_2fU9K3LbleJBLUzLKPq1rrFoca0,/economy/a896b837-f781-45f6-9e41-5a449ad4a9f6/us-economy-resilience-questions-fed-rate-cuts?,86.88271604938271
487,2024-05-01 08:04:19.855972+00,user_2fU9K3LbleJBLUzLKPq1rrFoca0,/economy/a896b837-f781-45f6-9e41-5a449ad4a9f6/us-economy-resilience-questions-fed-rate-cuts?,80.8641975308642
488,2024-05-01 08:04:22.420232+00,user_2fU9K3LbleJBLUzLKPq1rrFoca0,/economy/a896b837-f781-45f6-9e41-5a449ad4a9f6/us-economy-resilience-questions-fed-rate-cuts?,89.73765432098766
489,2024-05-01 08:04:32.197075+00,user_2fU9K3LbleJBLUzLKPq1rrFoca0,/home?,80.76923076923077
490,2024-05-01 08:04:34.489583+00,user_2fU9K3LbleJBLUzLKPq1rrFoca0,/home?,80.76923076923077
491,2024-05-01 08:04:46.332441+00,user_2fU9K3LbleJBLUzLKPq1rrFoca0,/home?,87.5
492,2024-05-01 08:04:50.937904+00,user_2fU9K3LbleJBLUzLKPq1rrFoca0,/home?,80.76923076923077
493,2024-05-01 08:04:56.299825+00,user_2fU9K3LbleJBLUzLKPq1rrFoca0,/home?,80.76923076923077
494,2024-05-01 08:05:03.407944+00,user_2fU9K3LbleJBLUzLKPq1rrFoca0,/home?,83.65384615384616
495,2024-05-01 08:05:14.857335+00,user_2fU9K3LbleJBLUzLKPq1rrFoca0,/home?,80.76923076923077
496,2024-05-01 08:05:16.965261+00,user_2fU9K3LbleJBLUzLKPq1rrFoca0,/home?,80.76923076923077
497,2024-05-01 08:05:34.600099+00,user_2fU9K3LbleJBLUzLKPq1rrFoca0,/home?,80.76923076923077
498,2024-05-01 08:06:27.830936+00,user_2fU9K3LbleJBLUzLKPq1rrFoca0,/home?,80.76923076923077
499,2024-05-01 08:07:39.968678+00,user_2fU9K3LbleJBLUzLKPq1rrFoca0,/economy/a896b837-f781-45f6-9e41-5a449ad4a9f6/us-economy-resilience-questions-fed-rate-cuts?,80.55555555555556
500,2024-05-01 08:07:42.224014+00,user_2fU9K3LbleJBLUzLKPq1rrFoca0,/economy/a896b837-f781-45f6-9e41-5a449ad4a9f6/us-economy-resilience-questions-fed-rate-cuts?,80.78703703703704
501,2024-05-01 08:07:53.444816+00,user_2fU9K3LbleJBLUzLKPq1rrFoca0,/home?,80.76923076923077
502,2024-05-01 08:08:07.472278+00,user_2fU9K3LbleJBLUzLKPq1rrFoca0,/home?,84.86486486486487
503,2024-05-01 08:08:08.326314+00,user_2fU9K3LbleJBLUzLKPq1rrFoca0,/home?,80.36036310969172
504,2024-05-01 08:08:17.761743+00,user_2fU9K3LbleJBLUzLKPq1rrFoca0,/home?,99.03846153846155
505,2024-05-01 08:09:57.916083+00,user_2fU9K3LbleJBLUzLKPq1rrFoca0,/home?,87.5
506,2024-05-01 08:12:16.846501+00,user_2fU9K3LbleJBLUzLKPq1rrFoca0,/home?,80.76923076923077
507,2024-05-01 08:14:35.145349+00,user_2fU9K3LbleJBLUzLKPq1rrFoca0,/economy/a896b837-f781-45f6-9e41-5a449ad4a9f6/us-economy-resilience-questions-fed-rate-cuts?,91.0493827160494
508,2024-05-01 09:59:51.195722+00,user_2fU9K3LbleJBLUzLKPq1rrFoca0,/home?,80.76923076923077
509,2024-05-01 09:59:58.810956+00,user_2fU9K3LbleJBLUzLKPq1rrFoca0,/home?,80.76923076923077
510,2024-05-01 10:00:07.189558+00,user_2fU9K3LbleJBLUzLKPq1rrFoca0,/home?,84.61538461538461
511,2024-05-01 10:01:42.956446+00,user_2fU9K3LbleJBLUzLKPq1rrFoca0,/economy/a896b837-f781-45f6-9e41-5a449ad4a9f6/us-economy-resilience-questions-fed-rate-cuts?,82.8225806451613
512,2024-05-01 10:01:44.413156+00,user_2fU9K3LbleJBLUzLKPq1rrFoca0,/economy/a896b837-f781-45f6-9e41-5a449ad4a9f6/us-economy-resilience-questions-fed-rate-cuts?,81.29032258064515
513,2024-05-01 10:01:48.473874+00,user_2fU9K3LbleJBLUzLKPq1rrFoca0,/home?,84.61538461538461
514,2024-05-01 10:57:44.658525+00,user_2fU9K3LbleJBLUzLKPq1rrFoca0,/home?,84.61538461538461
515,2024-05-01 10:58:19.717719+00,user_2fU9K3LbleJBLUzLKPq1rrFoca0,/economy/a896b837-f781-45f6-9e41-5a449ad4a9f6/us-economy-resilience-questions-fed-rate-cuts?,80.62130177514793
516,2024-05-01 10:58:33.737644+00,user_2fU9K3LbleJBLUzLKPq1rrFoca0,/home?,83.65384615384616
517,2024-05-01 10:58:41.166032+00,user_2fU9K3LbleJBLUzLKPq1rrFoca0,/home?,84.61538461538461
518,2024-05-01 10:58:42.496641+00,user_2fU9K3LbleJBLUzLKPq1rrFoca0,/home?,80.76923076923077
519,2024-05-01 10:58:57.477412+00,user_2fU9K3LbleJBLUzLKPq1rrFoca0,/economy/a896b837-f781-45f6-9e41-5a449ad4a9f6/us-economy-resilience-questions-fed-rate-cuts?,86.09467455621301
520,2024-05-01 10:58:58.754091+00,user_2fU9K3LbleJBLUzLKPq1rrFoca0,/economy/a896b837-f781-45f6-9e41-5a449ad4a9f6/us-economy-resilience-questions-fed-rate-cuts?,80.54733727810651
521,2024-05-01 11:13:59.809487+00,user_2fU9K3LbleJBLUzLKPq1rrFoca0,/?,83.19327731092437
522,2024-05-01 11:14:02.694472+00,user_2fU9K3LbleJBLUzLKPq1rrFoca0,/home?,95.34412955465586
523,2024-05-01 11:14:04.324168+00,user_2fU9K3LbleJBLUzLKPq1rrFoca0,/home?,85.48387096774194
524,2024-05-01 11:14:05.583817+00,user_2fU9K3LbleJBLUzLKPq1rrFoca0,/home?,103.81526104417671
525,2024-05-01 13:18:40.456198+00,user_2fHkgigzGrFzFUSyXw5u6fmWJNn,/economy/a896b837-f781-45f6-9e41-5a449ad4a9f6/us-economy-resilience-questions-fed-rate-cuts?,83.52601156069365
526,2024-05-01 13:23:12.076623+00,user_2fHkgigzGrFzFUSyXw5u6fmWJNn,/home?,83.5820895522388
527,2024-05-01 13:32:37.918277+00,user_2fHkgigzGrFzFUSyXw5u6fmWJNn,/economy/a896b837-f781-45f6-9e41-5a449ad4a9f6/us-economy-resilience-questions-fed-rate-cuts?,84.46808510638299
528,2024-05-01 13:52:44.13122+00,user_2fHkgigzGrFzFUSyXw5u6fmWJNn,/economy/a896b837-f781-45f6-9e41-5a449ad4a9f6/us-economy-resilience-questions-fed-rate-cuts?,80.5668016194332
529,2024-05-01 13:56:25.204256+00,user_2fHkgigzGrFzFUSyXw5u6fmWJNn,/economy/a896b837-f781-45f6-9e41-5a449ad4a9f6/us-economy-resilience-questions-fed-rate-cuts?,82.08502024291498
530,2024-05-01 13:57:40.668246+00,user_2fHkgigzGrFzFUSyXw5u6fmWJNn,/economy/a896b837-f781-45f6-9e41-5a449ad4a9f6/us-economy-resilience-questions-fed-rate-cuts?,82.08502024291498
531,2024-05-01 13:57:41.903867+00,user_2fHkgigzGrFzFUSyXw5u6fmWJNn,/economy/a896b837-f781-45f6-9e41-5a449ad4a9f6/us-economy-resilience-questions-fed-rate-cuts?,84.7165991902834
532,2024-05-01 13:57:44.462339+00,user_2fHkgigzGrFzFUSyXw5u6fmWJNn,/economy/a896b837-f781-45f6-9e41-5a449ad4a9f6/us-economy-resilience-questions-fed-rate-cuts?,83.40080971659918
533,2024-05-01 14:08:00.663189+00,user_2fHkgigzGrFzFUSyXw5u6fmWJNn,/home?,86.8421052631579
534,2024-05-01 14:11:07.805547+00,user_2fU9K3LbleJBLUzLKPq1rrFoca0,/?,94.44444444444444
535,2024-05-01 14:15:01.97477+00,user_2fU9K3LbleJBLUzLKPq1rrFoca0,/?,80.82191780821918
536,2024-05-01 14:15:07.504172+00,user_2fU9K3LbleJBLUzLKPq1rrFoca0,/home?,86.22047244094489
537,2024-05-01 14:49:45.84826+00,user_2fHkgigzGrFzFUSyXw5u6fmWJNn,/home?,83.93442622950819
538,2024-05-01 14:54:08.077858+00,user_2fHkgigzGrFzFUSyXw5u6fmWJNn,/terms?,80.0709219858156
539,2024-05-01 14:54:31.890948+00,user_2fHkgigzGrFzFUSyXw5u6fmWJNn,/privacy?,80.23450586264657
540,2024-05-01 14:54:57.02045+00,user_2fU9K3LbleJBLUzLKPq1rrFoca0,/home?,82.21343873517787
541,2024-05-01 17:03:16.531079+00,user_2fU9K3LbleJBLUzLKPq1rrFoca0,/?,92.98245614035088
542,2024-05-01 17:03:26.629876+00,user_2fU9K3LbleJBLUzLKPq1rrFoca0,/home?,91.74852652259332
543,2024-05-01 17:42:34.377045+00,user_2fU9K3LbleJBLUzLKPq1rrFoca0,/home?,91.16465863453816
544,2024-05-01 17:42:45.004391+00,user_2fU9K3LbleJBLUzLKPq1rrFoca0,/home?,88.31683168316832
545,2024-05-01 17:42:46.596419+00,user_2fU9K3LbleJBLUzLKPq1rrFoca0,/home?,84.61538461538461
546,2024-05-01 17:42:49.578754+00,user_2fU9K3LbleJBLUzLKPq1rrFoca0,/home?,80.24439918533605
547,2024-05-01 17:42:51.807605+00,user_2fU9K3LbleJBLUzLKPq1rrFoca0,/home?,92.2920892494929
548,2024-05-01 17:42:56.159526+00,user_2fU9K3LbleJBLUzLKPq1rrFoca0,/home?,80.15873015873017
549,2024-05-01 17:51:18.63497+00,user_2fHkgigzGrFzFUSyXw5u6fmWJNn,/home?,82.32445520581115
550,2024-05-01 17:51:28.482046+00,user_2fHkgigzGrFzFUSyXw5u6fmWJNn,/economy/a896b837-f781-45f6-9e41-5a449ad4a9f6/us-economy-resilience-questions-fed-rate-cuts?,81.08108108108108
551,2024-05-01 19:11:17.133972+00,user_2fU9K3LbleJBLUzLKPq1rrFoca0,/home?,80.54054054054053
552,2024-05-01 19:11:45.658222+00,user_2fU9K3LbleJBLUzLKPq1rrFoca0,/home?,80.36036310969172
553,2024-05-01 19:12:18.4825+00,user_2fU9K3LbleJBLUzLKPq1rrFoca0,/home?,81.2612585119299
554,2024-05-01 19:15:10.541165+00,user_2fU9K3LbleJBLUzLKPq1rrFoca0,/home?,80.36036310969172
555,2024-05-01 19:15:28.694969+00,user_2fU9K3LbleJBLUzLKPq1rrFoca0,/home?,82.70270270270271
556,2024-05-01 19:17:18.431669+00,user_2fU9K3LbleJBLUzLKPq1rrFoca0,/home?,85.4054054054054
557,2024-05-01 19:17:21.891713+00,user_2fU9K3LbleJBLUzLKPq1rrFoca0,/home?,81.80179905247044
558,2024-05-01 19:17:22.700821+00,user_2fU9K3LbleJBLUzLKPq1rrFoca0,/home?,86.12612337679477
559,2024-05-01 19:17:25.298988+00,user_2fU9K3LbleJBLUzLKPq1rrFoca0,/home?,89.1891891891892
560,2024-05-01 19:17:27.757218+00,user_2fU9K3LbleJBLUzLKPq1rrFoca0,/home?,80.18017743084881
561,2024-05-01 19:17:31.117015+00,user_2fU9K3LbleJBLUzLKPq1rrFoca0,/home?,80.18017743084881
562,2024-05-01 19:17:32.235921+00,user_2fU9K3LbleJBLUzLKPq1rrFoca0,/home?,80.72071797138935
563,2024-05-01 19:17:44.299444+00,user_2fU9K3LbleJBLUzLKPq1rrFoca0,/economy?,82.07739307535643
564,2024-05-01 19:17:47.176085+00,user_2fU9K3LbleJBLUzLKPq1rrFoca0,/economy?,82.28105906313645
565,2024-05-01 19:20:47.237337+00,user_2fU9K3LbleJBLUzLKPq1rrFoca0,/home?,81.61120840630473
566,2024-05-01 19:22:59.862158+00,user_2fU9K3LbleJBLUzLKPq1rrFoca0,/home?,83.77281947261663
567,2024-05-01 19:23:02.508481+00,user_2fU9K3LbleJBLUzLKPq1rrFoca0,/home?,80.24439918533605
568,2024-05-01 19:29:30.683361+00,user_2fU9K3LbleJBLUzLKPq1rrFoca0,/home?,81.80179905247044
569,2024-05-01 19:44:01.736873+00,user_2fHkgigzGrFzFUSyXw5u6fmWJNn,/home?,83.47107438016529
570,2024-05-01 19:44:04.508801+00,user_2fHkgigzGrFzFUSyXw5u6fmWJNn,/home?,82.92011019283747
571,2024-05-01 19:44:49.406192+00,user_2fHkgigzGrFzFUSyXw5u6fmWJNn,/home?,87.87878787878788
572,2024-05-01 19:44:57.713571+00,user_2fHkgigzGrFzFUSyXw5u6fmWJNn,/home?,82.30337078651685
573,2024-05-01 19:45:49.354851+00,user_2fHkgigzGrFzFUSyXw5u6fmWJNn,/home?,90.73033707865169
574,2024-05-01 19:46:15.95735+00,user_2fHkgigzGrFzFUSyXw5u6fmWJNn,/home?,82.02247191011236
575,2024-05-01 19:53:56.162704+00,user_2fHkgigzGrFzFUSyXw5u6fmWJNn,/home?,87.1875
576,2024-05-01 19:54:37.018848+00,user_2fHkgigzGrFzFUSyXw5u6fmWJNn,/home?,81.83333333333334
577,2024-05-01 19:54:38.754931+00,user_2fHkgigzGrFzFUSyXw5u6fmWJNn,/home?,80.66666666666666
578,2024-05-01 20:12:07.276579+00,user_2fU9K3LbleJBLUzLKPq1rrFoca0,/?,85.71428571428571
579,2024-05-01 20:12:13.893648+00,user_2fU9K3LbleJBLUzLKPq1rrFoca0,/home?,82.86937901498929
580,2024-05-01 20:12:22.281447+00,user_2fU9K3LbleJBLUzLKPq1rrFoca0,/economy/a896b837-f781-45f6-9e41-5a449ad4a9f6/us-economy-resilience-questions-fed-rate-cuts?,80.6782334384858
581,2024-05-01 20:12:23.258806+00,user_2fU9K3LbleJBLUzLKPq1rrFoca0,/economy/a896b837-f781-45f6-9e41-5a449ad4a9f6/us-economy-resilience-questions-fed-rate-cuts?,83.68794326241135
582,2024-05-01 20:12:28.401266+00,user_2fU9K3LbleJBLUzLKPq1rrFoca0,/economy/a896b837-f781-45f6-9e41-5a449ad4a9f6/us-economy-resilience-questions-fed-rate-cuts?,81.78233438485805
583,2024-05-01 20:23:17.652262+00,user_2fU9K3LbleJBLUzLKPq1rrFoca0,/economy/a896b837-f781-45f6-9e41-5a449ad4a9f6/us-economy-resilience-questions-fed-rate-cuts?,94.20505200594353
584,2024-05-01 20:24:29.988289+00,user_2fU9K3LbleJBLUzLKPq1rrFoca0,/home?,84.43496801705757
585,2024-05-01 20:24:31.474486+00,user_2fU9K3LbleJBLUzLKPq1rrFoca0,/home?,85.21739130434783
586,2024-05-01 20:24:36.412791+00,user_2fU9K3LbleJBLUzLKPq1rrFoca0,/home?,81.77874186550976
587,2024-05-01 20:25:09.893312+00,user_2fU9K3LbleJBLUzLKPq1rrFoca0,/?,88.33333333333333
588,2024-05-01 20:29:51.609973+00,user_2fHkgigzGrFzFUSyXw5u6fmWJNn,/home?,84.67741935483872
589,2024-05-01 20:33:29.81022+00,user_2fU9K3LbleJBLUzLKPq1rrFoca0,/?,95.04950495049505
590,2024-05-01 20:33:39.411509+00,user_2fU9K3LbleJBLUzLKPq1rrFoca0,/home?,80.08565310492506
591,2024-05-01 20:33:46.161043+00,user_2fU9K3LbleJBLUzLKPq1rrFoca0,/home?,89.91596638655463
592,2024-05-01 20:33:46.3067+00,user_2fHkgigzGrFzFUSyXw5u6fmWJNn,/home?,85.88709677419355
593,2024-05-01 20:33:50.875112+00,user_2fHkgigzGrFzFUSyXw5u6fmWJNn,/economy/a896b837-f781-45f6-9e41-5a449ad4a9f6/us-economy-resilience-questions-fed-rate-cuts?,81.27705627705627
594,2024-05-01 20:33:53.157953+00,user_2fU9K3LbleJBLUzLKPq1rrFoca0,/economy/a896b837-f781-45f6-9e41-5a449ad4a9f6/us-economy-resilience-questions-fed-rate-cuts?,80.85443037974683
595,2024-05-01 20:33:57.100636+00,user_2fHkgigzGrFzFUSyXw5u6fmWJNn,/economy/a896b837-f781-45f6-9e41-5a449ad4a9f6/us-economy-resilience-questions-fed-rate-cuts?,81.06060606060606
596,2024-05-01 20:33:58.643262+00,user_2fU9K3LbleJBLUzLKPq1rrFoca0,/home?,85.4978354978355
597,2024-05-01 20:34:05.069737+00,user_2fHkgigzGrFzFUSyXw5u6fmWJNn,/economy/a896b837-f781-45f6-9e41-5a449ad4a9f6/us-economy-resilience-questions-fed-rate-cuts?,80.3030303030303
598,2024-05-01 20:34:07.498856+00,user_2fHkgigzGrFzFUSyXw5u6fmWJNn,/economy/a896b837-f781-45f6-9e41-5a449ad4a9f6/us-economy-resilience-questions-fed-rate-cuts?,81.6017316017316
599,2024-05-01 20:34:14.307669+00,user_2fHkgigzGrFzFUSyXw5u6fmWJNn,/home?,99.79838709677419
600,2024-05-01 20:34:17.993151+00,user_2fU9K3LbleJBLUzLKPq1rrFoca0,/?,81.42857142857143
601,2024-05-01 20:34:33.864555+00,user_2fU9K3LbleJBLUzLKPq1rrFoca0,/?,170.23809523809524
602,2024-05-01 20:34:35.262762+00,user_2fU9K3LbleJBLUzLKPq1rrFoca0,/?,84.34782608695653
603,2024-05-01 20:34:38.104709+00,user_2fU9K3LbleJBLUzLKPq1rrFoca0,/?,85.71428571428571
604,2024-05-01 20:39:19.670294+00,user_2fU9K3LbleJBLUzLKPq1rrFoca0,/home?,88.52813852813853
605,2024-05-01 20:39:23.326801+00,user_2fU9K3LbleJBLUzLKPq1rrFoca0,/home?,99.3576017130621
606,2024-05-02 04:02:34.408476+00,user_2fU9K3LbleJBLUzLKPq1rrFoca0,/?,112.5
607,2024-05-02 04:02:40.795816+00,user_2fU9K3LbleJBLUzLKPq1rrFoca0,/home?,80.49281314168378
608,2024-05-02 04:03:04.992416+00,user_2fU9K3LbleJBLUzLKPq1rrFoca0,/economy/a896b837-f781-45f6-9e41-5a449ad4a9f6/us-economy-resilience-questions-fed-rate-cuts?,80.72755417956657
609,2024-05-02 04:03:14.428379+00,user_2fU9K3LbleJBLUzLKPq1rrFoca0,/home?,84.07258064516128
610,2024-05-02 05:34:19.433958+00,user_2fU9K3LbleJBLUzLKPq1rrFoca0,/?,94.84536082474226
611,2024-05-02 05:34:27.010324+00,user_2fU9K3LbleJBLUzLKPq1rrFoca0,/home?,96.30390143737166
612,2024-05-02 05:34:29.735385+00,user_2fU9K3LbleJBLUzLKPq1rrFoca0,/home?,99.58932238193019
613,2024-05-02 06:51:15.692344+00,user_2fU9K3LbleJBLUzLKPq1rrFoca0,/home?,81.25
614,2024-05-02 06:51:39.473669+00,user_2fU9K3LbleJBLUzLKPq1rrFoca0,/home?,81.25
615,2024-05-02 06:53:29.968034+00,user_2fU9K3LbleJBLUzLKPq1rrFoca0,/home?,81.25
616,2024-05-02 06:53:41.035931+00,user_2fU9K3LbleJBLUzLKPq1rrFoca0,/home?,81.25
617,2024-05-02 06:53:58.982089+00,user_2fU9K3LbleJBLUzLKPq1rrFoca0,/economy/a896b837-f781-45f6-9e41-5a449ad4a9f6/us-economy-resilience-questions-fed-rate-cuts?,94.81605351170569
618,2024-05-02 06:54:01.059509+00,user_2fU9K3LbleJBLUzLKPq1rrFoca0,/economy/a896b837-f781-45f6-9e41-5a449ad4a9f6/us-economy-resilience-questions-fed-rate-cuts?,87.20735785953178
619,2024-05-02 06:54:16.162617+00,user_2fU9K3LbleJBLUzLKPq1rrFoca0,/economy?,81.25
620,2024-05-02 06:54:37.823025+00,user_2fU9K3LbleJBLUzLKPq1rrFoca0,/economy?,84.80603448275862
621,2024-05-02 06:54:39.85105+00,user_2fU9K3LbleJBLUzLKPq1rrFoca0,/economy?,81.89655172413794
622,2024-05-02 06:54:45.691716+00,user_2fU9K3LbleJBLUzLKPq1rrFoca0,/economy?,81.46551724137932
623,2024-05-02 06:54:47.308805+00,user_2fU9K3LbleJBLUzLKPq1rrFoca0,/economy?,80.28017241379311
624,2024-05-02 06:54:49.401077+00,user_2fU9K3LbleJBLUzLKPq1rrFoca0,/economy?,84.15948275862068
625,2024-05-02 07:25:09.527952+00,user_2fU9K3LbleJBLUzLKPq1rrFoca0,/home?,93.75
626,2024-05-02 07:27:15.205911+00,user_2fU9K3LbleJBLUzLKPq1rrFoca0,/economy/a896b837-f781-45f6-9e41-5a449ad4a9f6/us-economy-resilience-questions-fed-rate-cuts?,80.28225806451613
627,2024-05-02 07:27:46.055179+00,user_2fU9K3LbleJBLUzLKPq1rrFoca0,/economy/a896b837-f781-45f6-9e41-5a449ad4a9f6/us-economy-resilience-questions-fed-rate-cuts?,80.84677419354838
628,2024-05-02 07:28:02.741819+00,user_2fU9K3LbleJBLUzLKPq1rrFoca0,/home?,87.5
629,2024-05-02 07:28:47.848825+00,user_2fU9K3LbleJBLUzLKPq1rrFoca0,/economy/a896b837-f781-45f6-9e41-5a449ad4a9f6/us-economy-resilience-questions-fed-rate-cuts?,89.03508771929825
630,2024-05-02 07:30:00.059022+00,user_2fU9K3LbleJBLUzLKPq1rrFoca0,/economy/a896b837-f781-45f6-9e41-5a449ad4a9f6/us-economy-resilience-questions-fed-rate-cuts?,84.03508771929825
631,2024-05-02 07:30:25.756563+00,user_2fU9K3LbleJBLUzLKPq1rrFoca0,/economy/a896b837-f781-45f6-9e41-5a449ad4a9f6/us-economy-resilience-questions-fed-rate-cuts?,83.6842105263158
632,2024-05-02 07:30:29.278768+00,user_2fU9K3LbleJBLUzLKPq1rrFoca0,/economy/a896b837-f781-45f6-9e41-5a449ad4a9f6/us-economy-resilience-questions-fed-rate-cuts?,80.35087719298247
633,2024-05-02 07:30:49.265092+00,user_2fU9K3LbleJBLUzLKPq1rrFoca0,/economy/a896b837-f781-45f6-9e41-5a449ad4a9f6/us-economy-resilience-questions-fed-rate-cuts?,84.9003984063745
634,2024-05-02 07:31:05.253856+00,user_2fU9K3LbleJBLUzLKPq1rrFoca0,/economy/a896b837-f781-45f6-9e41-5a449ad4a9f6/us-economy-resilience-questions-fed-rate-cuts?,86.40350877192982
635,2024-05-02 07:31:13.710051+00,user_2fU9K3LbleJBLUzLKPq1rrFoca0,/economy/a896b837-f781-45f6-9e41-5a449ad4a9f6/us-economy-resilience-questions-fed-rate-cuts?,88.68421052631578
636,2024-05-02 07:32:47.164633+00,user_2fU9K3LbleJBLUzLKPq1rrFoca0,/home?,93.75
637,2024-05-02 07:32:48.877013+00,user_2fU9K3LbleJBLUzLKPq1rrFoca0,/home?,87.5
638,2024-05-02 07:33:16.646544+00,user_2fU9K3LbleJBLUzLKPq1rrFoca0,/home?,93.75
639,2024-05-02 07:33:33.649112+00,user_2fU9K3LbleJBLUzLKPq1rrFoca0,/economy/a896b837-f781-45f6-9e41-5a449ad4a9f6/us-economy-resilience-questions-fed-rate-cuts?,83.77192982456141
640,2024-05-02 07:35:39.092071+00,user_2fU9K3LbleJBLUzLKPq1rrFoca0,/home?,81.25
641,2024-05-02 07:36:14.171984+00,user_2fU9K3LbleJBLUzLKPq1rrFoca0,/home?,87.5
642,2024-05-02 09:32:02.076388+00,user_2fU9K3LbleJBLUzLKPq1rrFoca0,/home?,81.25
643,2024-05-02 09:33:03.653809+00,user_2fU9K3LbleJBLUzLKPq1rrFoca0,/home?,81.25
644,2024-05-02 09:33:19.621285+00,user_2fU9K3LbleJBLUzLKPq1rrFoca0,/home?,81.25
645,2024-05-02 09:33:25.930574+00,user_2fU9K3LbleJBLUzLKPq1rrFoca0,/home?,87.5
646,2024-05-02 09:36:44.863753+00,user_2fU9K3LbleJBLUzLKPq1rrFoca0,/home?,81.25
647,2024-05-02 09:36:57.011838+00,user_2fU9K3LbleJBLUzLKPq1rrFoca0,/home?,81.25
648,2024-05-02 09:37:03.619651+00,user_2fU9K3LbleJBLUzLKPq1rrFoca0,/home?,85.48056947673025
649,2024-05-02 09:37:05.077245+00,user_2fU9K3LbleJBLUzLKPq1rrFoca0,/home?,82.20858895705521
650,2024-05-02 09:37:21.184713+00,user_2fU9K3LbleJBLUzLKPq1rrFoca0,/?,89.25619834710744
651,2024-05-02 09:37:29.229956+00,user_2fU9K3LbleJBLUzLKPq1rrFoca0,/home?,87.39837398373984
652,2024-05-02 09:37:46.111309+00,user_2fU9K3LbleJBLUzLKPq1rrFoca0,/home?,80.69815195071868
653,2024-05-02 09:37:53.498455+00,user_2fU9K3LbleJBLUzLKPq1rrFoca0,/economy/a896b837-f781-45f6-9e41-5a449ad4a9f6/us-economy-resilience-questions-fed-rate-cuts?,80.0632911392405
654,2024-05-02 09:38:03.650263+00,user_2fU9K3LbleJBLUzLKPq1rrFoca0,/economy/a896b837-f781-45f6-9e41-5a449ad4a9f6/us-economy-resilience-questions-fed-rate-cuts?,81.24031007751938
655,2024-05-02 09:38:28.213281+00,user_2fU9K3LbleJBLUzLKPq1rrFoca0,/economy/a896b837-f781-45f6-9e41-5a449ad4a9f6/us-economy-resilience-questions-fed-rate-cuts?,82.19298245614036
656,2024-05-02 09:38:35.446751+00,user_2fU9K3LbleJBLUzLKPq1rrFoca0,/home?,81.25
657,2024-05-02 09:38:42.117799+00,user_2fU9K3LbleJBLUzLKPq1rrFoca0,/economy/a896b837-f781-45f6-9e41-5a449ad4a9f6/us-economy-resilience-questions-fed-rate-cuts?,85.26315789473684
658,2024-05-02 09:40:21.403533+00,user_2fU9K3LbleJBLUzLKPq1rrFoca0,/home?,111.49897330595482
659,2024-05-02 09:40:22.27166+00,user_2fU9K3LbleJBLUzLKPq1rrFoca0,/home?,93.62549800796812
660,2024-05-02 09:40:27.614149+00,user_2fU9K3LbleJBLUzLKPq1rrFoca0,/economy/a896b837-f781-45f6-9e41-5a449ad4a9f6/us-economy-resilience-questions-fed-rate-cuts?,80.14240506329115
661,2024-05-02 09:40:34.234776+00,user_2fU9K3LbleJBLUzLKPq1rrFoca0,/economy/a896b837-f781-45f6-9e41-5a449ad4a9f6/us-economy-resilience-questions-fed-rate-cuts?,80.0632911392405
662,2024-05-02 09:40:37.980361+00,user_2fU9K3LbleJBLUzLKPq1rrFoca0,/economy/a896b837-f781-45f6-9e41-5a449ad4a9f6/us-economy-resilience-questions-fed-rate-cuts?,80.11006289308176
663,2024-05-02 09:40:40.857127+00,user_2fU9K3LbleJBLUzLKPq1rrFoca0,/economy/a896b837-f781-45f6-9e41-5a449ad4a9f6/us-economy-resilience-questions-fed-rate-cuts?,81.56645569620254
664,2024-05-02 09:41:05.791831+00,user_2fU9K3LbleJBLUzLKPq1rrFoca0,/home?,81.25
665,2024-05-02 09:45:34.538416+00,user_2fU9K3LbleJBLUzLKPq1rrFoca0,/home?,87.5
666,2024-05-02 09:45:43.922255+00,user_2fU9K3LbleJBLUzLKPq1rrFoca0,/home?,81.25
667,2024-05-02 09:45:57.399912+00,user_2fU9K3LbleJBLUzLKPq1rrFoca0,/home?,81.25
668,2024-05-02 09:46:00.084967+00,user_2fU9K3LbleJBLUzLKPq1rrFoca0,/home?,81.25
669,2024-05-02 09:46:03.784378+00,user_2fU9K3LbleJBLUzLKPq1rrFoca0,/home?,81.25
670,2024-05-02 09:46:06.280979+00,user_2fU9K3LbleJBLUzLKPq1rrFoca0,/home?,81.25
671,2024-05-02 09:46:43.626868+00,user_2fU9K3LbleJBLUzLKPq1rrFoca0,/home?,81.25
672,2024-05-02 09:48:07.201729+00,user_2fU9K3LbleJBLUzLKPq1rrFoca0,/terms?,82.05128205128204
673,2024-05-02 09:48:15.436557+00,user_2fU9K3LbleJBLUzLKPq1rrFoca0,/terms?,85.8974358974359
674,2024-05-02 09:48:34.346984+00,user_2fU9K3LbleJBLUzLKPq1rrFoca0,/home?,81.25
675,2024-05-02 09:48:37.206567+00,user_2fU9K3LbleJBLUzLKPq1rrFoca0,/privacy?,83.77104377104378
676,2024-05-02 09:52:26.034782+00,user_2fU9K3LbleJBLUzLKPq1rrFoca0,/home?,87.5
677,2024-05-02 13:37:51.031033+00,user_2fubEqFupXMtlGz9D2mSCro6Upu,/economy/a896b837-f781-45f6-9e41-5a449ad4a9f6/us-economy-resilience-questions-fed-rate-cuts?,82.4074074074074
678,2024-05-02 14:51:41.616531+00,user_2fU9K3LbleJBLUzLKPq1rrFoca0,/?,92.22222222222223
679,2024-05-02 14:51:48.32027+00,user_2fU9K3LbleJBLUzLKPq1rrFoca0,/home?,86.73469387755102
680,2024-05-02 14:51:50.125066+00,user_2fU9K3LbleJBLUzLKPq1rrFoca0,/home?,84.39999999999999
681,2024-05-02 14:52:22.830155+00,user_2fubEqFupXMtlGz9D2mSCro6Upu,/economy/a896b837-f781-45f6-9e41-5a449ad4a9f6/us-economy-resilience-questions-fed-rate-cuts?,80.55555555555556
682,2024-05-02 14:53:33.067482+00,user_2fU9K3LbleJBLUzLKPq1rrFoca0,/economy/a896b837-f781-45f6-9e41-5a449ad4a9f6/us-economy-resilience-questions-fed-rate-cuts?,81.25
683,2024-05-02 14:59:27.480576+00,user_2fU9K3LbleJBLUzLKPq1rrFoca0,/economy/a896b837-f781-45f6-9e41-5a449ad4a9f6/us-economy-resilience-questions-fed-rate-cuts?,84.03508771929825
684,2024-05-02 15:44:38.84541+00,user_2fubEqFupXMtlGz9D2mSCro6Upu,/home?,81.81818181818183
685,2024-05-02 15:44:45.719115+00,user_2fubEqFupXMtlGz9D2mSCro6Upu,/economy/a896b837-f781-45f6-9e41-5a449ad4a9f6/us-economy-resilience-questions-fed-rate-cuts?,81.88405797101449
686,2024-05-02 15:45:10.620643+00,user_2fubEqFupXMtlGz9D2mSCro6Upu,/home?,80.3030303030303
687,2024-05-02 15:45:18.994772+00,user_2fubEqFupXMtlGz9D2mSCro6Upu,/home?,82.57575757575758
688,2024-05-02 15:57:11.226621+00,user_2fubEqFupXMtlGz9D2mSCro6Upu,/home?,83.33333333333334
689,2024-05-02 15:57:33.68308+00,user_2fU9K3LbleJBLUzLKPq1rrFoca0,/home?,80.8641975308642
690,2024-05-02 16:02:29.052327+00,user_2fU9K3LbleJBLUzLKPq1rrFoca0,/home?,80.55555555555556
691,2024-05-02 16:03:34.494391+00,user_2fubEqFupXMtlGz9D2mSCro6Upu,/home?,81.81818181818183
692,2024-05-02 16:10:44.302134+00,user_2fubEqFupXMtlGz9D2mSCro6Upu,/economy/a896b837-f781-45f6-9e41-5a449ad4a9f6/us-economy-resilience-questions-fed-rate-cuts?,81.75965665236052
693,2024-05-02 16:11:13.408529+00,user_2fubEqFupXMtlGz9D2mSCro6Upu,/economy/a896b837-f781-45f6-9e41-5a449ad4a9f6/us-economy-resilience-questions-fed-rate-cuts?,80.25751072961373
694,2024-05-02 16:15:45.562185+00,user_2fubEqFupXMtlGz9D2mSCro6Upu,/home?,80.43478260869566
695,2024-05-02 16:32:23.939291+00,user_2fubEqFupXMtlGz9D2mSCro6Upu,/home?,81.17283950617285
696,2024-05-02 16:32:28.596687+00,user_2fv0fDkDyb3i704tflTsiu8FFji,/home?,90.03215434083602
697,2024-05-02 16:33:38.859631+00,user_2fv0fDkDyb3i704tflTsiu8FFji,/home?,80.06430868167203
698,2024-05-02 16:33:49.595048+00,user_2fubEqFupXMtlGz9D2mSCro6Upu,/home?,80.8641975308642
699,2024-05-02 16:33:52.252941+00,user_2fubEqFupXMtlGz9D2mSCro6Upu,/home?,83.9506172839506
700,2024-05-02 16:34:00.811871+00,user_2fubEqFupXMtlGz9D2mSCro6Upu,/home?,82.4074074074074
701,2024-05-02 16:34:06.504312+00,user_2fv0fDkDyb3i704tflTsiu8FFji,/home?,100
702,2024-05-02 16:34:53.89981+00,user_2fv0fDkDyb3i704tflTsiu8FFji,/home?,80.38585209003215
703,2024-05-02 16:37:32.661747+00,user_2fubEqFupXMtlGz9D2mSCro6Upu,/home?,81.17283950617285
704,2024-05-02 16:38:19.226123+00,user_2fubEqFupXMtlGz9D2mSCro6Upu,/home?,82.71604938271605
705,2024-05-02 16:38:20.535155+00,user_2fubEqFupXMtlGz9D2mSCro6Upu,/home?,80.8641975308642
706,2024-05-02 16:38:22.630426+00,user_2fv0fDkDyb3i704tflTsiu8FFji,/home?,100
707,2024-05-02 16:38:48.047832+00,user_2fubEqFupXMtlGz9D2mSCro6Upu,/home?,80.55555555555556
708,2024-05-02 16:38:49.616852+00,user_2fubEqFupXMtlGz9D2mSCro6Upu,/home?,80.55555555555556
709,2024-05-02 16:39:33.479737+00,user_2fubEqFupXMtlGz9D2mSCro6Upu,/home?,81.79012345679013
710,2024-05-02 16:40:20.12781+00,user_2fubEqFupXMtlGz9D2mSCro6Upu,/economy/a896b837-f781-45f6-9e41-5a449ad4a9f6/us-economy-resilience-questions-fed-rate-cuts?,81.93548387096774
711,2024-05-02 17:33:42.725866+00,user_2fvAUuonHQEAlMhfRW7UndmURrU,/home?,101.04166666666667
712,2024-05-02 18:38:44.298131+00,user_2fvB9y7IeaXVbRY8tfNgvplLjfH,/home?,99.81343283582089
713,2024-05-02 18:40:22.875832+00,user_2fvB9y7IeaXVbRY8tfNgvplLjfH,/home?,100
714,2024-05-02 18:55:25.088933+00,user_2fU9K3LbleJBLUzLKPq1rrFoca0,/?,82.71604938271605
715,2024-05-02 18:55:43.542625+00,user_2fU9K3LbleJBLUzLKPq1rrFoca0,/home?,94.7265625
716,2024-05-02 19:04:34.734877+00,user_2fvB9y7IeaXVbRY8tfNgvplLjfH,/home?,82.1917808219178
717,2024-05-02 19:48:43.800942+00,user_2fvB9y7IeaXVbRY8tfNgvplLjfH,/?,Infinity
718,2024-05-02 19:52:04.742056+00,user_2fvB9y7IeaXVbRY8tfNgvplLjfH,/?,Infinity
719,2024-05-02 19:52:06.468341+00,user_2fvB9y7IeaXVbRY8tfNgvplLjfH,/?,Infinity
720,2024-05-02 19:52:27.158973+00,user_2fvB9y7IeaXVbRY8tfNgvplLjfH,/?,Infinity
721,2024-05-02 19:52:33.741468+00,user_2fvB9y7IeaXVbRY8tfNgvplLjfH,/?,Infinity
722,2024-05-02 19:52:34.237244+00,user_2fvB9y7IeaXVbRY8tfNgvplLjfH,/?,Infinity
723,2024-05-02 19:52:43.369597+00,user_2fvB9y7IeaXVbRY8tfNgvplLjfH,/?,Infinity
724,2024-05-02 19:52:45.096537+00,user_2fvB9y7IeaXVbRY8tfNgvplLjfH,/?,Infinity
725,2024-05-02 19:52:53.669877+00,user_2fvB9y7IeaXVbRY8tfNgvplLjfH,/?,Infinity
726,2024-05-02 19:52:53.996852+00,user_2fvB9y7IeaXVbRY8tfNgvplLjfH,/?,Infinity
727,2024-05-02 19:54:18.126336+00,user_2fvB9y7IeaXVbRY8tfNgvplLjfH,/?,80.95238095238095
728,2024-05-02 19:54:38.798244+00,user_2fvB9y7IeaXVbRY8tfNgvplLjfH,/?,80.53221288515407
729,2024-05-02 20:10:49.348883+00,user_2fvB9y7IeaXVbRY8tfNgvplLjfH,/settings?,80.88888888888889
730,2024-05-02 20:10:54.512487+00,user_2fvB9y7IeaXVbRY8tfNgvplLjfH,/settings?,81.48148148148148
731,2024-05-02 20:17:41.624516+00,user_2fvB9y7IeaXVbRY8tfNgvplLjfH,/home?,81.59722222222221
732,2024-05-03 03:45:09.967935+00,user_2fU9K3LbleJBLUzLKPq1rrFoca0,/home?,81.83673469387756
733,2024-05-03 03:45:51.315743+00,user_2fU9K3LbleJBLUzLKPq1rrFoca0,/economy/a896b837-f781-45f6-9e41-5a449ad4a9f6/us-economy-resilience-questions-fed-rate-cuts?,80.5934242181235
734,2024-05-03 03:46:53.91929+00,user_2fU9K3LbleJBLUzLKPq1rrFoca0,/settings?,82.00636942675159
735,2024-05-03 04:04:16.210597+00,user_2fU9K3LbleJBLUzLKPq1rrFoca0,/settings?,81.41945773524722
736,2024-05-03 04:04:42.138832+00,user_2fU9K3LbleJBLUzLKPq1rrFoca0,/home?,80.29661016949152
737,2024-05-03 04:04:52.369879+00,user_2fU9K3LbleJBLUzLKPq1rrFoca0,/home?,83.86411889596603
738,2024-05-03 04:05:01.713358+00,user_2fU9K3LbleJBLUzLKPq1rrFoca0,/home?,85.96881959910914
739,2024-05-03 04:58:15.976671+00,user_2fubEqFupXMtlGz9D2mSCro6Upu,/home?,81.48936170212767
740,2024-05-03 04:58:18.935078+00,user_2fubEqFupXMtlGz9D2mSCro6Upu,/home?,114.94736842105264
741,2024-05-03 04:58:25.651829+00,user_2fubEqFupXMtlGz9D2mSCro6Upu,/economy/a896b837-f781-45f6-9e41-5a449ad4a9f6/us-economy-resilience-questions-fed-rate-cuts?,82.74509803921568
742,2024-05-03 04:58:28.102756+00,user_2fubEqFupXMtlGz9D2mSCro6Upu,/economy/a896b837-f781-45f6-9e41-5a449ad4a9f6/us-economy-resilience-questions-fed-rate-cuts?,82.43451463790447
743,2024-05-03 04:58:52.449644+00,user_2fubEqFupXMtlGz9D2mSCro6Upu,/settings?,83.4934497816594
744,2024-05-03 04:59:01.040284+00,user_2fubEqFupXMtlGz9D2mSCro6Upu,/settings?,83.14410480349345
745,2024-05-03 04:59:07.941595+00,user_2fubEqFupXMtlGz9D2mSCro6Upu,/settings?,80.17467248908297
746,2024-05-03 04:59:37.649905+00,user_2fubEqFupXMtlGz9D2mSCro6Upu,/home?,94.46564885496184
747,2024-05-03 04:59:46.360588+00,user_2fubEqFupXMtlGz9D2mSCro6Upu,/home?,80.66666666666666
748,2024-05-03 04:59:49.118681+00,user_2fubEqFupXMtlGz9D2mSCro6Upu,/home?,88.96247240618102
749,2024-05-03 04:59:50.39912+00,user_2fubEqFupXMtlGz9D2mSCro6Upu,/home?,91.77777777777779
750,2024-05-03 06:46:34.705601+00,user_2fubEqFupXMtlGz9D2mSCro6Upu,/home?,81.48147981930403
751,2024-05-03 06:46:37.454992+00,user_2fubEqFupXMtlGz9D2mSCro6Upu,/home?,80.3921568627451
752,2024-05-03 06:47:16.043127+00,user_2fubEqFupXMtlGz9D2mSCro6Upu,/settings?,81.56221893892625
753,2024-05-03 06:47:41.908441+00,user_2fubEqFupXMtlGz9D2mSCro6Upu,/settings?,80.10899182561307
754,2024-05-03 06:47:55.842781+00,user_2fubEqFupXMtlGz9D2mSCro6Upu,/home?,80.17429027682036
755,2024-05-03 06:49:55.699661+00,user_2fubEqFupXMtlGz9D2mSCro6Upu,/settings?,80.19982111876277