id,created_at,user_id,slant,complexity,entertainment,sentiment
17,2024-04-25 21:11:35.340764+00,user_2fbBaikFt78ejPPwICvSZ9frqY8,100,0,0,0
18,2024-04-25 21:47:29.259827+00,user_2fbBaikFt78ejPPwICvSZ9frqY8,100,0,0,0
19,2024-04-26 16:39:10.626853+00,user_2fU9K3LbleJBLUzLKPq1rrFoca0,50,100,0,0
20,2024-04-26 16:40:14.655075+00,user_2fU9K3LbleJBLUzLKPq1rrFoca0,50,0,0,100
21,2024-04-26 16:59:53.225851+00,user_2fU9K3LbleJBLUzLKPq1rrFoca0,50,0,100,0
22,2024-04-26 17:00:25.100965+00,user_2fU9K3LbleJBLUzLKPq1rrFoca0,50,0,0,100
23,2024-04-26 17:01:21.868151+00,user_2fU9K3LbleJBLUzLKPq1rrFoca0,50,0,0,0
24,2024-04-26 17:02:59.775201+00,user_2fU9K3LbleJBLUzLKPq1rrFoca0,100,0,0,0
25,2024-04-26 17:03:15.020474+00,user_2fU9K3LbleJBLUzLKPq1rrFoca0,0,0,0,0
26,2024-04-27 03:43:33.735135+00,user_2fU9K3LbleJBLUzLKPq1rrFoca0,50,0,0,0
27,2024-04-27 11:02:38.633368+00,user_2fU9K3LbleJBLUzLKPq1rrFoca0,50,0,0,0
28,2024-04-27 13:48:19.865581+00,user_2fU9K3LbleJBLUzLKPq1rrFoca0,100,0,0,0
29,2024-04-27 13:48:28.580206+00,user_2fU9K3LbleJBLUzLKPq1rrFoca0,0,0,0,0
30,2024-04-27 13:49:30.910147+00,user_2fU9K3LbleJBLUzLKPq1rrFoca0,50,0,0,0
31,2024-04-27 13:53:29.409866+00,user_2fU9K3LbleJBLUzLKPq1rrFoca0,50,0,0,0
32,2024-04-27 13:53:39.751544+00,user_2fU9K3LbleJBLUzLKPq1rrFoca0,50,100,0,0
33,2024-04-27 13:53:54.176908+00,user_2fU9K3LbleJBLUzLKPq1rrFoca0,50,0,0,0
34,2024-04-27 14:03:26.239064+00,user_2fU9K3LbleJBLUzLKPq1rrFoca0,50,0,100,0
35,2024-04-27 14:30:50.436707+00,user_2fHkgigzGrFzFUSyXw5u6fmWJNn,100,0,0,0
36,2024-04-27 15:16:02.879751+00,user_2fU9K3LbleJBLUzLKPq1rrFoca0,50,0,0,0
37,2024-04-27 15:17:18.384113+00,user_2fU9K3LbleJBLUzLKPq1rrFoca0,100,0,0,0
38,2024-04-27 15:17:26.065933+00,user_2fU9K3LbleJBLUzLKPq1rrFoca0,50,0,100,0
39,2024-04-27 15:19:10.208923+00,user_2fU9K3LbleJBLUzLKPq1rrFoca0,50,0,0,0
40,2024-04-27 21:18:31.58682+00,user_2fbBaikFt78ejPPwICvSZ9frqY8,100,0,0,0
41,2024-04-27 21:18:48.626488+00,user_2fbBaikFt78ejPPwICvSZ9frqY8,0,0,0,0
42,2024-04-28 10:25:41.586575+00,user_2fU9K3LbleJBLUzLKPq1rrFoca0,50,0,0,0
43,2024-04-28 10:25:49.756934+00,user_2fU9K3LbleJBLUzLKPq1rrFoca0,50,0,100,0
44,2024-04-28 10:26:53.571533+00,user_2fU9K3LbleJBLUzLKPq1rrFoca0,50,0,0,0
45,2024-04-28 10:27:00.378622+00,user_2fU9K3LbleJBLUzLKPq1rrFoca0,50,0,0,100
46,2024-04-28 10:27:16.056069+00,user_2fU9K3LbleJBLUzLKPq1rrFoca0,50,0,100,0
47,2024-04-28 10:27:38.679916+00,user_2fU9K3LbleJBLUzLKPq1rrFoca0,50,100,0,0
48,2024-04-28 10:27:45.816674+00,user_2fU9K3LbleJBLUzLKPq1rrFoca0,50,0,0,0
49,2024-04-28 10:27:56.709231+00,user_2fU9K3LbleJBLUzLKPq1rrFoca0,100,0,0,0
50,2024-04-28 10:28:01.087367+00,user_2fU9K3LbleJBLUzLKPq1rrFoca0,0,0,0,0
51,2024-04-28 10:28:11.074613+00,user_2fU9K3LbleJBLUzLKPq1rrFoca0,100,0,0,0
52,2024-04-28 10:35:37.622808+00,user_2fU9K3LbleJBLUzLKPq1rrFoca0,50,0,0,0
53,2024-04-28 10:35:59.512572+00,user_2fU9K3LbleJBLUzLKPq1rrFoca0,50,100,0,0
54,2024-04-28 10:36:26.957031+00,user_2fU9K3LbleJBLUzLKPq1rrFoca0,50,0,0,0
55,2024-04-28 10:36:33.853835+00,user_2fU9K3LbleJBLUzLKPq1rrFoca0,50,100,0,0
56,2024-04-28 10:39:45.81491+00,user_2fU9K3LbleJBLUzLKPq1rrFoca0,50,0,0,0
57,2024-04-28 10:40:31.503768+00,user_2fU9K3LbleJBLUzLKPq1rrFoca0,50,0,0,0
58,2024-04-28 10:40:42.97008+00,user_2fU9K3LbleJBLUzLKPq1rrFoca0,0,0,0,0
59,2024-04-28 10:41:01.508931+00,user_2fU9K3LbleJBLUzLKPq1rrFoca0,100,0,0,0
60,2024-04-28 10:41:58.422701+00,user_2fU9K3LbleJBLUzLKPq1rrFoca0,0,0,0,0
61,2024-04-28 10:44:17.614511+00,user_2fU9K3LbleJBLUzLKPq1rrFoca0,0,0,0,0
62,2024-04-28 10:45:46.127308+00,user_2fU9K3LbleJBLUzLKPq1rrFoca0,50,0,0,0
63,2024-04-28 10:46:06.259308+00,user_2fU9K3LbleJBLUzLKPq1rrFoca0,100,0,0,0
64,2024-04-28 10:47:32.035898+00,user_2fU9K3LbleJBLUzLKPq1rrFoca0,50,0,0,0
65,2024-04-28 10:47:39.801497+00,user_2fU9K3LbleJBLUzLKPq1rrFoca0,50,0,100,0
66,2024-04-28 10:48:18.005356+00,user_2fU9K3LbleJBLUzLKPq1rrFoca0,50,0,0,0
67,2024-04-28 10:48:24.40343+00,user_2fU9K3LbleJBLUzLKPq1rrFoca0,50,0,0,100
68,2024-04-28 10:49:17.557206+00,user_2fU9K3LbleJBLUzLKPq1rrFoca0,50,0,0,100
69,2024-04-28 10:49:23.400502+00,user_2fU9K3LbleJBLUzLKPq1rrFoca0,100,0,0,0
70,2024-04-28 20:24:52.83338+00,user_2fU9K3LbleJBLUzLKPq1rrFoca0,100,0,0,0
71,2024-04-29 07:43:32.98278+00,user_2fU9K3LbleJBLUzLKPq1rrFoca0,50,0,0,0
72,2024-04-29 12:34:41.067269+00,user_2fU9K3LbleJBLUzLKPq1rrFoca0,50,100,0,0
73,2024-04-29 13:30:21.359454+00,user_2fU9K3LbleJBLUzLKPq1rrFoca0,50,0,0,0
74,2024-04-29 14:06:50.790351+00,user_2fbBaikFt78ejPPwICvSZ9frqY8,0,0,0,0
75,2024-04-29 15:01:19.823475+00,user_2fU9K3LbleJBLUzLKPq1rrFoca0,100,0,0,0
76,2024-04-29 15:04:43.92644+00,user_2fHkgigzGrFzFUSyXw5u6fmWJNn,100,0,0,0
77,2024-04-29 15:04:47.239983+00,user_2fHkgigzGrFzFUSyXw5u6fmWJNn,100,0,0,0
78,2024-04-29 16:23:14.248526+00,user_2fHkgigzGrFzFUSyXw5u6fmWJNn,0,0,0,0
79,2024-04-29 16:24:59.920705+00,user_2fHkgigzGrFzFUSyXw5u6fmWJNn,0,0,0,0
80,2024-04-29 16:26:48.704062+00,user_2fHkgigzGrFzFUSyXw5u6fmWJNn,0,0,0,0
81,2024-04-29 16:26:58.348593+00,user_2fHkgigzGrFzFUSyXw5u6fmWJNn,100,0,0,0
82,2024-04-29 16:28:52.844903+00,user_2fHkgigzGrFzFUSyXw5u6fmWJNn,0,0,0,0
83,2024-04-29 16:29:00.260562+00,user_2fHkgigzGrFzFUSyXw5u6fmWJNn,50,0,0,0
84,2024-04-29 16:32:18.547572+00,user_2fU9K3LbleJBLUzLKPq1rrFoca0,100,0,0,0
85,2024-04-29 16:32:26.888949+00,user_2fU9K3LbleJBLUzLKPq1rrFoca0,50,0,0,0
86,2024-04-29 16:42:41.434806+00,user_2fHkgigzGrFzFUSyXw5u6fmWJNn,50,0,0,0
87,2024-04-29 16:42:46.521545+00,user_2fHkgigzGrFzFUSyXw5u6fmWJNn,100,0,0,0
88,2024-04-29 16:42:52.8437+00,user_2fHkgigzGrFzFUSyXw5u6fmWJNn,0,0,0,0
89,2024-04-29 16:48:04.896589+00,user_2fU9K3LbleJBLUzLKPq1rrFoca0,100,0,0,0
90,2024-04-29 16:48:12.628694+00,user_2fU9K3LbleJBLUzLKPq1rrFoca0,50,0,0,0
91,2024-04-29 17:19:13.753205+00,user_2fU9K3LbleJBLUzLKPq1rrFoca0,50,0,0,0
92,2024-04-29 17:19:40.048559+00,user_2fU9K3LbleJBLUzLKPq1rrFoca0,50,0,0,100
93,2024-04-29 17:19:48.605933+00,user_2fU9K3LbleJBLUzLKPq1rrFoca0,50,0,0,0
94,2024-04-29 17:19:56.388035+00,user_2fU9K3LbleJBLUzLKPq1rrFoca0,50,0,0,100
95,2024-04-29 17:20:32.79623+00,user_2fU9K3LbleJBLUzLKPq1rrFoca0,50,0,0,0
96,2024-04-29 17:21:15.071971+00,user_2fU9K3LbleJBLUzLKPq1rrFoca0,50,100,0,0
97,2024-04-29 17:21:56.496475+00,user_2fU9K3LbleJBLUzLKPq1rrFoca0,100,0,0,0
98,2024-04-29 17:23:44.164135+00,user_2fU9K3LbleJBLUzLKPq1rrFoca0,0,0,0,0
99,2024-04-29 17:37:53.971419+00,user_2fU9K3LbleJBLUzLKPq1rrFoca0,50,0,0,0
100,2024-04-29 17:46:42.851521+00,user_2fHkgigzGrFzFUSyXw5u6fmWJNn,0,0,0,0
101,2024-04-29 17:51:21.824781+00,user_2fHkgigzGrFzFUSyXw5u6fmWJNn,0,0,0,0
102,2024-04-29 17:51:37.230755+00,user_2fHkgigzGrFzFUSyXw5u6fmWJNn,50,0,0,0
103,2024-04-29 17:51:42.107549+00,user_2fHkgigzGrFzFUSyXw5u6fmWJNn,100,0,0,0
104,2024-04-29 17:51:46.601114+00,user_2fHkgigzGrFzFUSyXw5u6fmWJNn,0,0,0,0
105,2024-04-29 17:52:19.174307+00,user_2fHkgigzGrFzFUSyXw5u6fmWJNn,50,0,0,0
106,2024-04-29 17:52:25.739409+00,user_2fHkgigzGrFzFUSyXw5u6fmWJNn,50,100,0,0
107,2024-04-29 17:52:32.88139+00,user_2fHkgigzGrFzFUSyXw5u6fmWJNn,50,0,0,0
108,2024-04-29 17:52:36.800659+00,user_2fHkgigzGrFzFUSyXw5u6fmWJNn,0,0,0,0
109,2024-04-29 17:57:34.847345+00,user_2fHkgigzGrFzFUSyXw5u6fmWJNn,100,0,0,0
110,2024-04-29 17:58:46.40913+00,user_2fHkgigzGrFzFUSyXw5u6fmWJNn,50,0,0,0
111,2024-04-29 17:58:50.096476+00,user_2fHkgigzGrFzFUSyXw5u6fmWJNn,0,0,0,0
112,2024-04-29 17:59:00.521558+00,user_2fHkgigzGrFzFUSyXw5u6fmWJNn,50,100,0,0
113,2024-04-29 18:03:42.664022+00,user_2fHkgigzGrFzFUSyXw5u6fmWJNn,50,0,0,100
114,2024-04-29 18:03:49.494305+00,user_2fHkgigzGrFzFUSyXw5u6fmWJNn,50,0,0,100
115,2024-04-29 18:04:28.578859+00,user_2fHkgigzGrFzFUSyXw5u6fmWJNn,50,0,100,0
116,2024-04-29 18:04:36.820331+00,user_2fHkgigzGrFzFUSyXw5u6fmWJNn,50,0,0,0
117,2024-04-29 18:04:46.7861+00,user_2fHkgigzGrFzFUSyXw5u6fmWJNn,50,0,100,0
118,2024-04-29 18:05:14.561973+00,user_2fHkgigzGrFzFUSyXw5u6fmWJNn,50,0,0,0
119,2024-04-29 18:08:59.837161+00,user_2fHkgigzGrFzFUSyXw5u6fmWJNn,100,0,0,0
120,2024-04-29 18:13:49.623709+00,user_2fHkgigzGrFzFUSyXw5u6fmWJNn,100,0,0,0
121,2024-04-29 18:14:03.951926+00,user_2fHkgigzGrFzFUSyXw5u6fmWJNn,0,0,0,0
122,2024-04-29 18:14:10.044746+00,user_2fHkgigzGrFzFUSyXw5u6fmWJNn,50,0,0,0
123,2024-04-29 18:14:14.116783+00,user_2fHkgigzGrFzFUSyXw5u6fmWJNn,50,0,0,100
124,2024-04-29 18:14:22.036951+00,user_2fHkgigzGrFzFUSyXw5u6fmWJNn,50,0,100,0
125,2024-04-29 18:14:28.618171+00,user_2fHkgigzGrFzFUSyXw5u6fmWJNn,50,100,0,0
126,2024-04-29 18:15:09.63355+00,user_2fU9K3LbleJBLUzLKPq1rrFoca0,50,0,0,0
127,2024-04-29 18:15:21.036223+00,user_2fU9K3LbleJBLUzLKPq1rrFoca0,100,0,0,0
128,2024-04-29 18:15:28.900942+00,user_2fU9K3LbleJBLUzLKPq1rrFoca0,0,0,0,0
129,2024-04-29 18:15:34.876422+00,user_2fU9K3LbleJBLUzLKPq1rrFoca0,50,100,0,0
130,2024-04-29 18:15:40.410486+00,user_2fU9K3LbleJBLUzLKPq1rrFoca0,50,0,100,0
131,2024-04-29 18:15:47.48059+00,user_2fU9K3LbleJBLUzLKPq1rrFoca0,50,0,0,100
132,2024-04-29 18:16:03.738573+00,user_2fU9K3LbleJBLUzLKPq1rrFoca0,50,0,0,0
133,2024-04-29 18:16:08.223887+00,user_2fU9K3LbleJBLUzLKPq1rrFoca0,100,0,0,0
134,2024-04-29 18:25:09.191474+00,user_2fU9K3LbleJBLUzLKPq1rrFoca0,50,0,0,0
135,2024-04-29 18:25:24.754366+00,user_2fU9K3LbleJBLUzLKPq1rrFoca0,50,100,0,0
136,2024-04-29 18:25:41.977346+00,user_2fU9K3LbleJBLUzLKPq1rrFoca0,50,0,0,0
137,2024-04-29 18:27:22.81184+00,user_2fU9K3LbleJBLUzLKPq1rrFoca0,0,0,0,0
138,2024-04-29 18:27:48.158386+00,user_2fU9K3LbleJBLUzLKPq1rrFoca0,100,0,0,0
139,2024-04-29 18:32:03.714824+00,user_2fU9K3LbleJBLUzLKPq1rrFoca0,50,0,0,0
140,2024-04-29 18:37:13.752801+00,user_2fHkgigzGrFzFUSyXw5u6fmWJNn,50,0,0,0
141,2024-04-29 18:49:53.609959+00,user_2fU9K3LbleJBLUzLKPq1rrFoca0,100,0,0,0
142,2024-04-29 18:50:07.463821+00,user_2fU9K3LbleJBLUzLKPq1rrFoca0,50,0,0,0
143,2024-04-29 18:50:23.36243+00,user_2fU9K3LbleJBLUzLKPq1rrFoca0,100,0,0,0
144,2024-04-29 18:50:53.850738+00,user_2fU9K3LbleJBLUzLKPq1rrFoca0,100,0,0,0
145,2024-04-29 18:51:14.620256+00,user_2fU9K3LbleJBLUzLKPq1rrFoca0,50,0,0,0
146,2024-04-29 19:06:23.154743+00,user_2fU9K3LbleJBLUzLKPq1rrFoca0,50,100,0,0
147,2024-04-29 19:06:33.878069+00,user_2fU9K3LbleJBLUzLKPq1rrFoca0,100,0,0,0
148,2024-04-29 19:27:40.347804+00,user_2fU9K3LbleJBLUzLKPq1rrFoca0,50,0,0,0
149,2024-04-29 19:27:51.342571+00,user_2fU9K3LbleJBLUzLKPq1rrFoca0,50,0,100,0
150,2024-04-29 19:29:54.152968+00,user_2fU9K3LbleJBLUzLKPq1rrFoca0,50,0,0,0
151,2024-04-29 19:35:12.138352+00,user_2fU9K3LbleJBLUzLKPq1rrFoca0,50,0,0,0
152,2024-04-29 19:45:15.608352+00,user_2fU9K3LbleJBLUzLKPq1rrFoca0,50,0,0,0
153,2024-04-29 20:40:27.687712+00,user_2fU9K3LbleJBLUzLKPq1rrFoca0,50,0,0,0
154,2024-04-29 21:26:37.702899+00,user_2fHkgigzGrFzFUSyXw5u6fmWJNn,50,0,0,0
155,2024-04-29 21:35:26.480637+00,user_2fHkgigzGrFzFUSyXw5u6fmWJNn,50,0,0,0
156,2024-04-29 21:35:31.533744+00,user_2fHkgigzGrFzFUSyXw5u6fmWJNn,50,0,0,0
157,2024-04-29 21:35:43.13602+00,user_2fHkgigzGrFzFUSyXw5u6fmWJNn,50,0,0,0
158,2024-04-29 21:35:54.609062+00,user_2fHkgigzGrFzFUSyXw5u6fmWJNn,50,0,0,0
159,2024-04-29 21:36:20.071274+00,user_2fHkgigzGrFzFUSyXw5u6fmWJNn,50,0,0,0
160,2024-04-29 21:36:26.805634+00,user_2fHkgigzGrFzFUSyXw5u6fmWJNn,50,0,0,0
161,2024-04-29 21:36:39.470993+00,user_2fHkgigzGrFzFUSyXw5u6fmWJNn,50,0,0,0
162,2024-04-29 21:37:02.006911+00,user_2fHkgigzGrFzFUSyXw5u6fmWJNn,50,0,0,0
163,2024-04-29 23:57:31.879958+00,user_2fHkgigzGrFzFUSyXw5u6fmWJNn,50,0,0,100
164,2024-04-30 00:21:21.878609+00,user_2fU9K3LbleJBLUzLKPq1rrFoca0,100,0,0,0
165,2024-04-30 04:12:41.580054+00,user_2fU9K3LbleJBLUzLKPq1rrFoca0,100,0,0,0
166,2024-04-30 04:21:43.479031+00,user_2fU9K3LbleJBLUzLKPq1rrFoca0,50,100,0,0
167,2024-04-30 04:22:11.396638+00,user_2fU9K3LbleJBLUzLKPq1rrFoca0,50,0,0,100
168,2024-04-30 04:41:13.753207+00,user_2fU9K3LbleJBLUzLKPq1rrFoca0,50,0,0,0
169,2024-04-30 07:22:56.604573+00,user_2fU9K3LbleJBLUzLKPq1rrFoca0,50,0,0,0
170,2024-04-30 08:15:43.25836+00,user_2fU9K3LbleJBLUzLKPq1rrFoca0,50,100,0,0
171,2024-04-30 12:45:20.926626+00,user_2fU9K3LbleJBLUzLKPq1rrFoca0,50,0,0,0
172,2024-04-30 16:11:18.1956+00,user_2fHkgigzGrFzFUSyXw5u6fmWJNn,50,0,0,100
173,2024-04-30 16:17:12.842171+00,user_2fHkgigzGrFzFUSyXw5u6fmWJNn,50,0,0,100
174,2024-04-30 16:17:56.265856+00,user_2fHkgigzGrFzFUSyXw5u6fmWJNn,50,0,0,100
175,2024-04-30 16:32:28.167452+00,user_2fHkgigzGrFzFUSyXw5u6fmWJNn,50,0,0,100
176,2024-04-30 17:47:21.988037+00,user_2fHkgigzGrFzFUSyXw5u6fmWJNn,50,0,0,100
177,2024-04-30 18:44:48.345991+00,user_2fHkgigzGrFzFUSyXw5u6fmWJNn,50,0,0,100
178,2024-04-30 18:44:48.97825+00,user_2fHkgigzGrFzFUSyXw5u6fmWJNn,50,0,0,100
179,2024-04-30 19:26:21.521926+00,user_2fHkgigzGrFzFUSyXw5u6fmWJNn,50,0,0,100
180,2024-04-30 19:30:50.933931+00,user_2fU9K3LbleJBLUzLKPq1rrFoca0,50,0,0,0
181,2024-04-30 20:24:20.277444+00,user_2fHkgigzGrFzFUSyXw5u6fmWJNn,50,0,0,100
182,2024-04-30 20:32:28.307821+00,user_2fU9K3LbleJBLUzLKPq1rrFoca0,50,0,0,0
183,2024-04-30 20:52:42.612971+00,user_2fU9K3LbleJBLUzLKPq1rrFoca0,50,0,0,0
184,2024-04-30 20:52:49.039007+00,user_2fU9K3LbleJBLUzLKPq1rrFoca0,50,0,0,0
185,2024-04-30 20:52:56.668779+00,user_2fU9K3LbleJBLUzLKPq1rrFoca0,100,0,0,0
186,2024-04-30 20:53:08.745083+00,user_2fHkgigzGrFzFUSyXw5u6fmWJNn,50,0,0,100
187,2024-04-30 20:53:17.45457+00,user_2fHkgigzGrFzFUSyXw5u6fmWJNn,50,0,0,100
188,2024-04-30 20:53:26.571311+00,user_2fHkgigzGrFzFUSyXw5u6fmWJNn,50,0,0,100
189,2024-04-30 20:53:30.966702+00,user_2fHkgigzGrFzFUSyXw5u6fmWJNn,50,0,0,100
190,2024-04-30 20:54:22.637279+00,user_2fHkgigzGrFzFUSyXw5u6fmWJNn,50,0,0,100
191,2024-04-30 21:03:41.6501+00,user_2fU9K3LbleJBLUzLKPq1rrFoca0,100,0,0,0
192,2024-04-30 21:06:48.039938+00,user_2fHkgigzGrFzFUSyXw5u6fmWJNn,50,0,0,0
193,2024-04-30 21:18:07.412985+00,user_2fHkgigzGrFzFUSyXw5u6fmWJNn,50,0,0,0
194,2024-04-30 21:37:14.257963+00,user_2fU9K3LbleJBLUzLKPq1rrFoca0,100,0,0,0
195,2024-04-30 21:38:35.902545+00,user_2fU9K3LbleJBLUzLKPq1rrFoca0,50,0,0,0
196,2024-04-30 21:38:47.425604+00,user_2fU9K3LbleJBLUzLKPq1rrFoca0,50,100,0,0
197,2024-04-30 21:52:18.876107+00,user_2fU9K3LbleJBLUzLKPq1rrFoca0,50,0,0,0
198,2024-04-30 22:15:58.244859+00,user_2fHkgigzGrFzFUSyXw5u6fmWJNn,50,0,0,0
199,2024-05-01 05:07:40.964439+00,user_2fU9K3LbleJBLUzLKPq1rrFoca0,0,0,0,0
200,2024-05-01 05:08:31.339075+00,user_2fU9K3LbleJBLUzLKPq1rrFoca0,50,0,0,0
201,2024-05-01 07:27:25.986035+00,user_2fU9K3LbleJBLUzLKPq1rrFoca0,50,0,0,0
202,2024-05-01 07:38:02.052275+00,user_2fU9K3LbleJBLUzLKPq1rrFoca0,50,100,0,0
203,2024-05-01 07:38:40.043372+00,user_2fU9K3LbleJBLUzLKPq1rrFoca0,100,0,0,0
204,2024-05-01 08:02:18.159335+00,user_2fU9K3LbleJBLUzLKPq1rrFoca0,50,0,0,0
205,2024-05-01 08:02:33.388373+00,user_2fU9K3LbleJBLUzLKPq1rrFoca0,0,0,0,0
206,2024-05-01 08:02:58.493906+00,user_2fU9K3LbleJBLUzLKPq1rrFoca0,50,0,0,0
207,2024-05-01 08:03:17.596934+00,user_2fU9K3LbleJBLUzLKPq1rrFoca0,50,100,0,0
208,2024-05-01 09:59:49.445833+00,user_2fU9K3LbleJBLUzLKPq1rrFoca0,50,0,0,0
209,2024-05-01 10:57:40.869595+00,user_2fU9K3LbleJBLUzLKPq1rrFoca0,50,100,0,0
210,2024-05-01 10:57:51.94392+00,user_2fU9K3LbleJBLUzLKPq1rrFoca0,50,0,0,100
211,2024-05-01 10:58:12.397497+00,user_2fU9K3LbleJBLUzLKPq1rrFoca0,0,0,0,0
212,2024-05-01 11:14:00.854379+00,user_2fU9K3LbleJBLUzLKPq1rrFoca0,50,0,0,0
213,2024-05-01 13:18:34.994046+00,user_2fHkgigzGrFzFUSyXw5u6fmWJNn,50,0,0,0
214,2024-05-01 13:22:48.412654+00,user_2fHkgigzGrFzFUSyXw5u6fmWJNn,50,0,0,0
215,2024-05-01 13:25:48.490371+00,user_2fHkgigzGrFzFUSyXw5u6fmWJNn,100,0,0,0
216,2024-05-01 13:26:24.061428+00,user_2fHkgigzGrFzFUSyXw5u6fmWJNn,100,0,0,0
217,2024-05-01 13:26:46.451532+00,user_2fHkgigzGrFzFUSyXw5u6fmWJNn,100,0,0,0
218,2024-05-01 13:46:48.668775+00,user_2fHkgigzGrFzFUSyXw5u6fmWJNn,100,0,0,0
219,2024-05-01 14:07:57.914129+00,user_2fHkgigzGrFzFUSyXw5u6fmWJNn,100,0,0,0
220,2024-05-01 14:11:08.92933+00,user_2fU9K3LbleJBLUzLKPq1rrFoca0,50,0,0,0
221,2024-05-01 14:15:02.683972+00,user_2fU9K3LbleJBLUzLKPq1rrFoca0,50,0,0,0
222,2024-05-01 17:03:18.235862+00,user_2fU9K3LbleJBLUzLKPq1rrFoca0,50,0,0,0
223,2024-05-01 17:51:11.95473+00,user_2fHkgigzGrFzFUSyXw5u6fmWJNn,100,0,0,0
224,2024-05-01 19:10:59.785891+00,user_2fU9K3LbleJBLUzLKPq1rrFoca0,100,0,0,0
225,2024-05-01 19:11:55.599885+00,user_2fU9K3LbleJBLUzLKPq1rrFoca0,50,0,0,0
226,2024-05-01 19:12:04.106967+00,user_2fU9K3LbleJBLUzLKPq1rrFoca0,50,100,0,0
227,2024-05-01 19:29:19.387312+00,user_2fU9K3LbleJBLUzLKPq1rrFoca0,50,0,0,0
228,2024-05-01 19:43:21.151573+00,user_2fHkgigzGrFzFUSyXw5u6fmWJNn,100,0,0,0
229,2024-05-01 20:12:11.000586+00,user_2fU9K3LbleJBLUzLKPq1rrFoca0,100,0,0,0
230,2024-05-01 20:20:08.171506+00,user_2fHkgigzGrFzFUSyXw5u6fmWJNn,100,0,0,0
231,2024-05-01 20:25:11.506242+00,user_2fU9K3LbleJBLUzLKPq1rrFoca0,50,0,0,0
232,2024-05-01 20:33:31.014251+00,user_2fU9K3LbleJBLUzLKPq1rrFoca0,100,0,0,0
233,2024-05-01 20:33:37.314704+00,user_2fU9K3LbleJBLUzLKPq1rrFoca0,100,0,0,0
234,2024-05-01 20:39:10.185781+00,user_2fU9K3LbleJBLUzLKPq1rrFoca0,100,0,0,0
235,2024-05-02 04:02:38.205441+00,user_2fU9K3LbleJBLUzLKPq1rrFoca0,50,0,0,0
236,2024-05-02 04:03:01.272728+00,user_2fU9K3LbleJBLUzLKPq1rrFoca0,50,100,0,0
237,2024-05-02 05:34:20.769936+00,user_2fU9K3LbleJBLUzLKPq1rrFoca0,50,0,0,0
238,2024-05-02 06:51:13.450168+00,user_2fU9K3LbleJBLUzLKPq1rrFoca0,50,0,0,0
239,2024-05-02 06:53:28.051225+00,user_2fU9K3LbleJBLUzLKPq1rrFoca0,50,0,0,0
240,2024-05-02 06:53:35.804757+00,user_2fU9K3LbleJBLUzLKPq1rrFoca0,50,100,0,0
241,2024-05-02 06:54:09.228938+00,user_2fU9K3LbleJBLUzLKPq1rrFoca0,50,0,0,100
242,2024-05-02 07:24:56.193097+00,user_2fU9K3LbleJBLUzLKPq1rrFoca0,50,0,0,0
243,2024-05-02 07:26:38.533458+00,user_2fU9K3LbleJBLUzLKPq1rrFoca0,50,0,0,0
244,2024-05-02 07:29:25.018994+00,user_2fU9K3LbleJBLUzLKPq1rrFoca0,50,0,0,0
245,2024-05-02 09:32:00.215008+00,user_2fU9K3LbleJBLUzLKPq1rrFoca0,50,0,0,0
246,2024-05-02 09:37:22.245624+00,user_2fU9K3LbleJBLUzLKPq1rrFoca0,50,0,0,0
247,2024-05-02 09:38:02.310783+00,user_2fU9K3LbleJBLUzLKPq1rrFoca0,50,0,0,0
248,2024-05-02 12:42:22.499756+00,user_2fU9K3LbleJBLUzLKPq1rrFoca0,50,0,0,0
249,2024-05-02 12:45:01.546809+00,user_2fubEqFupXMtlGz9D2mSCro6Upu,50,50,50,50
250,2024-05-02 13:37:06.282934+00,user_2fubEqFupXMtlGz9D2mSCro6Upu,50,50,50,50
251,2024-05-02 14:23:56.355583+00,user_2fubEqFupXMtlGz9D2mSCro6Upu,50,50,50,50
252,2024-05-02 14:51:46.238413+00,user_2fU9K3LbleJBLUzLKPq1rrFoca0,50,0,0,0
253,2024-05-02 14:52:19.985442+00,user_2fubEqFupXMtlGz9D2mSCro6Upu,50,50,50,50
254,2024-05-02 14:59:23.971721+00,user_2fU9K3LbleJBLUzLKPq1rrFoca0,50,0,0,0
255,2024-05-02 14:59:38.683523+00,user_2fU9K3LbleJBLUzLKPq1rrFoca0,50,0,0,0
256,2024-05-02 15:44:36.728218+00,user_2fubEqFupXMtlGz9D2mSCro6Upu,50,50,50,50
257,2024-05-02 15:57:31.602852+00,user_2fU9K3LbleJBLUzLKPq1rrFoca0,50,0,0,0
258,2024-05-02 15:57:45.855267+00,user_2fU9K3LbleJBLUzLKPq1rrFoca0,50,0,0,0
259,2024-05-02 16:03:32.514991+00,user_2fubEqFupXMtlGz9D2mSCro6Upu,50,50,50,50
260,2024-05-02 16:08:23.581903+00,user_2fHkgigzGrFzFUSyXw5u6fmWJNn,50,0,0,0
261,2024-05-02 16:09:05.557175+00,user_2fHkgigzGrFzFUSyXw5u6fmWJNn,50,0,0,0
262,2024-05-02 16:09:23.98549+00,user_2fHkgigzGrFzFUSyXw5u6fmWJNn,50,0,0,0
263,2024-05-02 16:09:42.840078+00,user_2fU9K3LbleJBLUzLKPq1rrFoca0,50,0,0,0
264,2024-05-02 16:14:07.443967+00,user_2fU9K3LbleJBLUzLKPq1rrFoca0,50,0,0,0
265,2024-05-02 16:14:36.473539+00,user_2fubEqFupXMtlGz9D2mSCro6Upu,50,50,50,50
266,2024-05-02 16:19:11.321067+00,user_2fv0fDkDyb3i704tflTsiu8FFji,50,0,0,0
267,2024-05-02 17:29:51.469206+00,user_2fv0fDkDyb3i704tflTsiu8FFji,50,0,0,0
268,2024-05-02 17:39:25.050473+00,user_2fvB9y7IeaXVbRY8tfNgvplLjfH,50,50,50,50
269,2024-05-02 18:18:24.700723+00,user_2fvB9y7IeaXVbRY8tfNgvplLjfH,50,0,0,0
270,2024-05-02 18:34:24.975421+00,user_2fvB9y7IeaXVbRY8tfNgvplLjfH,50,0,0,0
271,2024-05-02 18:34:29.913048+00,user_2fvB9y7IeaXVbRY8tfNgvplLjfH,50,0,0,0
272,2024-05-02 18:34:37.764937+00,user_2fvB9y7IeaXVbRY8tfNgvplLjfH,50,0,0,0
273,2024-05-02 18:35:31.937261+00,user_2fvB9y7IeaXVbRY8tfNgvplLjfH,50,0,0,0
274,2024-05-02 18:36:02.395449+00,user_2fvB9y7IeaXVbRY8tfNgvplLjfH,50,0,0,0
275,2024-05-02 18:36:24.495016+00,user_2fvB9y7IeaXVbRY8tfNgvplLjfH,50,0,0,0
276,2024-05-02 18:36:26.815718+00,user_2fvB9y7IeaXVbRY8tfNgvplLjfH,50,0,0,0
277,2024-05-02 18:37:22.510004+00,user_2fvB9y7IeaXVbRY8tfNgvplLjfH,50,0,0,0
278,2024-05-02 18:55:26.026283+00,user_2fU9K3LbleJBLUzLKPq1rrFoca0,50,0,0,0
279,2024-05-02 19:49:08.086569+00,user_2fvB9y7IeaXVbRY8tfNgvplLjfH,50,0,0,0
280,2024-05-02 19:50:04.624889+00,user_2fvB9y7IeaXVbRY8tfNgvplLjfH,50,0,0,0
281,2024-05-02 19:53:23.506262+00,user_2fvB9y7IeaXVbRY8tfNgvplLjfH,50,0,0,0
282,2024-05-02 19:55:17.836618+00,user_2fvB9y7IeaXVbRY8tfNgvplLjfH,50,0,0,0
283,2024-05-02 20:16:41.548957+00,user_2fvB9y7IeaXVbRY8tfNgvplLjfH,50,0,0,0
284,2024-05-02 22:48:39.961981+00,user_2fvB9y7IeaXVbRY8tfNgvplLjfH,50,0,0,0
285,2024-05-03 03:45:03.02907+00,user_2fU9K3LbleJBLUzLKPq1rrFoca0,50,0,0,0
286,2024-05-03 03:46:29.759977+00,user_2fU9K3LbleJBLUzLKPq1rrFoca0,50,0,0,0
287,2024-05-03 04:04:40.376898+00,user_2fU9K3LbleJBLUzLKPq1rrFoca0,50,100,0,0
288,2024-05-03 04:05:00.189779+00,user_2fU9K3LbleJBLUzLKPq1rrFoca0,100,0,0,0
289,2024-05-03 04:58:12.62236+00,user_2fubEqFupXMtlGz9D2mSCro6Upu,50,100,0,0
290,2024-05-03 04:59:35.62618+00,user_2fubEqFupXMtlGz9D2mSCro6Upu,50,0,0,100
291,2024-05-03 06:45:21.107622+00,user_2fubEqFupXMtlGz9D2mSCro6Upu,50,0,0,0
292,2024-05-03 06:45:56.063655+00,user_2fubEqFupXMtlGz9D2mSCro6Upu,100,0,0,0
293,2024-05-03 06:55:37.456458+00,user_2fubEqFupXMtlGz9D2mSCro6Upu,50,100,0,0
294,2024-05-03 07:08:33.893737+00,user_2fubEqFupXMtlGz9D2mSCro6Upu,100,0,0,0
295,2024-05-03 07:08:44.777683+00,user_2fubEqFupXMtlGz9D2mSCro6Upu,0,0,0,0
296,2024-05-03 07:09:40.673837+00,user_2fubEqFupXMtlGz9D2mSCro6Upu,50,0,0,100
297,2024-05-03 07:09:48.080819+00,user_2fubEqFupXMtlGz9D2mSCro6Upu,50,0,100,0
298,2024-05-03 07:32:13.122351+00,user_2fubEqFupXMtlGz9D2mSCro6Upu,50,0,100,0
299,2024-05-03 09:41:34.980994+00,user_2fU9K3LbleJBLUzLKPq1rrFoca0,50,0,0,0
300,2024-05-03 10:37:51.108984+00,user_2fU9K3LbleJBLUzLKPq1rrFoca0,50,0,0,0
301,2024-05-03 10:47:40.210369+00,user_2fU9K3LbleJBLUzLKPq1rrFoca0,100,0,0,0
302,2024-05-03 11:00:09.011964+00,user_2fU9K3LbleJBLUzLKPq1rrFoca0,50,0,0,0
303,2024-05-03 11:00:20.147812+00,user_2fU9K3LbleJBLUzLKPq1rrFoca0,0,0,0,0
304,2024-05-03 11:13:27.277584+00,user_2fU9K3LbleJBLUzLKPq1rrFoca0,50,0,0,0
305,2024-05-03 12:28:16.37168+00,user_2fubEqFupXMtlGz9D2mSCro6Upu,50,0,100,0
306,2024-05-03 12:28:26.682877+00,user_2fubEqFupXMtlGz9D2mSCro6Upu,50,0,0,0
307,2024-05-03 12:45:13.49747+00,user_2fubEqFupXMtlGz9D2mSCro6Upu,50,0,100,0
308,2024-05-03 12:45:46.124866+00,user_2fubEqFupXMtlGz9D2mSCro6Upu,100,0,0,0
309,2024-05-03 12:45:56.319037+00,user_2fubEqFupXMtlGz9D2mSCro6Upu,0,0,0,0
310,2024-05-03 12:46:37.753122+00,user_2fubEqFupXMtlGz9D2mSCro6Upu,50,0,0,100
311,2024-05-03 12:47:35.239972+00,user_2fubEqFupXMtlGz9D2mSCro6Upu,0,0,0,0
312,2024-05-03 12:47:57.028825+00,user_2fubEqFupXMtlGz9D2mSCro6Upu,100,0,0,0
313,2024-05-03 12:55:59.393338+00,user_2fU9K3LbleJBLUzLKPq1rrFoca0,50,0,0,0
314,2024-05-03 12:58:16.614203+00,user_2fU9K3LbleJBLUzLKPq1rrFoca0,50,100,0,0
315,2024-05-03 14:33:37.127846+00,user_2fvB9y7IeaXVbRY8tfNgvplLjfH,50,0,0,0
316,2024-05-03 14:41:56.34302+00,user_2fvB9y7IeaXVbRY8tfNgvplLjfH,50,0,0,0
317,2024-05-03 15:15:47.986759+00,user_2fU9K3LbleJBLUzLKPq1rrFoca0,50,100,0,0
318,2024-05-03 16:18:38.361234+00,user_2fU9K3LbleJBLUzLKPq1rrFoca0,50,0,0,0
319,2024-05-03 16:18:44.36284+00,user_2fU9K3LbleJBLUzLKPq1rrFoca0,0,0,0,0
320,2024-05-03 16:21:54.344774+00,user_2fvB9y7IeaXVbRY8tfNgvplLjfH,50,0,0,0
321,2024-05-03 16:23:09.502541+00,user_2fvB9y7IeaXVbRY8tfNgvplLjfH,50,0,0,0
322,2024-05-03 16:23:23.556102+00,user_2fvB9y7IeaXVbRY8tfNgvplLjfH,50,0,0,0
323,2024-05-03 16:23:35.331496+00,user_2fvB9y7IeaXVbRY8tfNgvplLjfH,50,0,0,0
324,2024-05-03 16:23:44.231046+00,user_2fvB9y7IeaXVbRY8tfNgvplLjfH,50,0,0,0
325,2024-05-03 16:23:52.455205+00,user_2fvB9y7IeaXVbRY8tfNgvplLjfH,50,0,0,0
326,2024-05-03 16:24:05.022838+00,user_2fvB9y7IeaXVbRY8tfNgvplLjfH,50,0,0,0
327,2024-05-03 16:24:12.548229+00,user_2fvB9y7IeaXVbRY8tfNgvplLjfH,50,0,0,0
328,2024-05-03 16:24:22.190175+00,user_2fvB9y7IeaXVbRY8tfNgvplLjfH,50,0,0,0
329,2024-05-03 16:24:29.509874+00,user_2fvB9y7IeaXVbRY8tfNgvplLjfH,50,0,0,0
330,2024-05-03 16:24:36.638598+00,user_2fvB9y7IeaXVbRY8tfNgvplLjfH,50,0,0,0
331,2024-05-03 16:24:45.309254+00,user_2fvB9y7IeaXVbRY8tfNgvplLjfH,50,0,0,0
332,2024-05-03 16:25:02.48391+00,user_2fvB9y7IeaXVbRY8tfNgvplLjfH,50,0,0,0
333,2024-05-03 16:25:08.008865+00,user_2fvB9y7IeaXVbRY8tfNgvplLjfH,50,0,0,0
334,2024-05-03 16:25:14.214525+00,user_2fvB9y7IeaXVbRY8tfNgvplLjfH,50,0,0,0
335,2024-05-03 16:25:27.634932+00,user_2fvB9y7IeaXVbRY8tfNgvplLjfH,50,0,0,0
336,2024-05-03 16:25:38.196253+00,user_2fvB9y7IeaXVbRY8tfNgvplLjfH,50,0,0,0
337,2024-05-03 16:25:49.111462+00,user_2fvB9y7IeaXVbRY8tfNgvplLjfH,50,0,0,0
338,2024-05-03 16:26:56.834067+00,user_2fvB9y7IeaXVbRY8tfNgvplLjfH,50,0,0,0
339,2024-05-03 16:27:08.052359+00,user_2fU9K3LbleJBLUzLKPq1rrFoca0,100,0,0,0
340,2024-05-03 16:27:46.778909+00,user_2fvB9y7IeaXVbRY8tfNgvplLjfH,50,0,0,0
341,2024-05-03 16:27:59.24879+00,user_2fvB9y7IeaXVbRY8tfNgvplLjfH,50,0,0,0
342,2024-05-03 16:28:06.613533+00,user_2fvB9y7IeaXVbRY8tfNgvplLjfH,50,0,0,0
343,2024-05-03 16:28:33.646981+00,user_2fvB9y7IeaXVbRY8tfNgvplLjfH,50,0,0,0
344,2024-05-03 16:30:46.367204+00,user_2fvB9y7IeaXVbRY8tfNgvplLjfH,50,0,0,0
345,2024-05-03 16:33:07.499898+00,user_2fvB9y7IeaXVbRY8tfNgvplLjfH,50,0,0,0
346,2024-05-03 16:33:10.562528+00,user_2fvB9y7IeaXVbRY8tfNgvplLjfH,50,0,0,0
347,2024-05-03 16:34:48.733355+00,user_2fvB9y7IeaXVbRY8tfNgvplLjfH,50,0,0,0
348,2024-05-03 16:35:25.553732+00,user_2fvB9y7IeaXVbRY8tfNgvplLjfH,50,0,0,0
349,2024-05-03 16:35:36.276097+00,user_2fvB9y7IeaXVbRY8tfNgvplLjfH,50,0,0,0
350,2024-05-03 16:35:54.515833+00,user_2fvB9y7IeaXVbRY8tfNgvplLjfH,50,0,0,0
351,2024-05-03 17:10:17.046451+00,user_2fU9K3LbleJBLUzLKPq1rrFoca0,100,0,0,0
352,2024-05-03 17:24:19.508318+00,user_2fU9K3LbleJBLUzLKPq1rrFoca0,100,0,0,0
353,2024-05-03 17:25:05.306891+00,user_2fvB9y7IeaXVbRY8tfNgvplLjfH,50,0,0,0
354,2024-05-03 17:33:52.836469+00,user_2fvB9y7IeaXVbRY8tfNgvplLjfH,50,0,100,0
355,2024-05-03 17:34:01.497967+00,user_2fvB9y7IeaXVbRY8tfNgvplLjfH,0,0,0,0
356,2024-05-03 17:39:26.945692+00,user_2fU9K3LbleJBLUzLKPq1rrFoca0,50,0,0,0
357,2024-05-03 17:39:41.305793+00,user_2fU9K3LbleJBLUzLKPq1rrFoca0,100,0,0,0
358,2024-05-03 17:39:59.946658+00,user_2fU9K3LbleJBLUzLKPq1rrFoca0,0,0,0,0
359,2024-05-03 17:40:16.216527+00,user_2fU9K3LbleJBLUzLKPq1rrFoca0,100,0,0,0
360,2024-05-03 17:40:34.80347+00,user_2fU9K3LbleJBLUzLKPq1rrFoca0,100,0,0,0
361,2024-05-03 17:40:45.880991+00,user_2fU9K3LbleJBLUzLKPq1rrFoca0,50,0,0,0
362,2024-05-03 17:45:38.811378+00,user_2fU9K3LbleJBLUzLKPq1rrFoca0,50,0,0,100
363,2024-05-03 17:45:44.967434+00,user_2fU9K3LbleJBLUzLKPq1rrFoca0,50,0,0,0
364,2024-05-03 17:45:51.431429+00,user_2fU9K3LbleJBLUzLKPq1rrFoca0,0,0,0,0
365,2024-05-03 17:46:34.870719+00,user_2fU9K3LbleJBLUzLKPq1rrFoca0,100,0,0,0
366,2024-05-03 17:46:44.645737+00,user_2fU9K3LbleJBLUzLKPq1rrFoca0,0,0,0,0
367,2024-05-03 17:47:12.469096+00,user_2fU9K3LbleJBLUzLKPq1rrFoca0,0,0,0,0
368,2024-05-03 17:47:28.496006+00,user_2fU9K3LbleJBLUzLKPq1rrFoca0,50,0,0,0
369,2024-05-03 17:48:35.627128+00,user_2fU9K3LbleJBLUzLKPq1rrFoca0,0,0,0,0
370,2024-05-03 18:04:58.000307+00,user_2fU9K3LbleJBLUzLKPq1rrFoca0,100,0,0,0
371,2024-05-03 18:08:41.976809+00,user_2fU9K3LbleJBLUzLKPq1rrFoca0,50,0,0,0
372,2024-05-03 18:11:11.161596+00,user_2fvB9y7IeaXVbRY8tfNgvplLjfH,0,0,0,0
373,2024-05-03 18:15:56.582756+00,user_2fvB9y7IeaXVbRY8tfNgvplLjfH,0,0,0,0
374,2024-05-03 18:16:30.206536+00,user_2fvB9y7IeaXVbRY8tfNgvplLjfH,0,0,0,0
375,2024-05-03 18:17:28.252838+00,user_2fU9K3LbleJBLUzLKPq1rrFoca0,50,100,0,0
376,2024-05-03 19:01:53.773781+00,user_2fvB9y7IeaXVbRY8tfNgvplLjfH,0,0,0,0
377,2024-05-03 19:12:48.372646+00,user_2fvB9y7IeaXVbRY8tfNgvplLjfH,0,0,0,0
378,2024-05-03 19:19:00.423219+00,user_2fvB9y7IeaXVbRY8tfNgvplLjfH,0,0,0,0
379,2024-05-03 19:34:48.565389+00,user_2fU9K3LbleJBLUzLKPq1rrFoca0,50,100,0,0
380,2024-05-03 19:35:00.263888+00,user_2fU9K3LbleJBLUzLKPq1rrFoca0,50,0,0,0
381,2024-05-03 20:01:52.026241+00,user_2fU9K3LbleJBLUzLKPq1rrFoca0,50,0,0,0
382,2024-05-04 05:23:52.24751+00,user_2fU9K3LbleJBLUzLKPq1rrFoca0,50,0,0,0
383,2024-05-04 05:24:11.082478+00,user_2fU9K3LbleJBLUzLKPq1rrFoca0,100,0,0,0
384,2024-05-04 06:05:35.577736+00,user_2fU9K3LbleJBLUzLKPq1rrFoca0,50,0,0,0
385,2024-05-04 06:07:27.373995+00,user_2fU9K3LbleJBLUzLKPq1rrFoca0,50,0,0,0
386,2024-05-04 11:37:19.558786+00,user_2fU9K3LbleJBLUzLKPq1rrFoca0,50,0,0,0
387,2024-05-04 11:37:46.861336+00,user_2fU9K3LbleJBLUzLKPq1rrFoca0,50,100,0,0
388,2024-05-04 11:38:04.163526+00,user_2fU9K3LbleJBLUzLKPq1rrFoca0,50,0,0,100
389,2024-05-04 11:38:40.485966+00,user_2fU9K3LbleJBLUzLKPq1rrFoca0,50,0,0,100
390,2024-05-04 12:10:11.028647+00,user_2fU9K3LbleJBLUzLKPq1rrFoca0,50,0,0,0
391,2024-05-04 12:10:32.968123+00,user_2fU9K3LbleJBLUzLKPq1rrFoca0,50,100,0,0
392,2024-05-04 12:29:45.303916+00,user_2fvB9y7IeaXVbRY8tfNgvplLjfH,0,0,0,0
393,2024-05-04 13:12:32.494156+00,user_2fvB9y7IeaXVbRY8tfNgvplLjfH,0,0,0,0
394,2024-05-04 13:27:10.533691+00,user_2fvB9y7IeaXVbRY8tfNgvplLjfH,0,0,0,0
395,2024-05-04 13:31:50.758056+00,user_2fU9K3LbleJBLUzLKPq1rrFoca0,50,0,0,0
396,2024-05-04 14:11:39.68074+00,user_2fvB9y7IeaXVbRY8tfNgvplLjfH,0,0,0,0
397,2024-05-04 14:19:33.95552+00,user_2fvB9y7IeaXVbRY8tfNgvplLjfH,0,0,0,0
398,2024-05-04 14:27:30.265683+00,user_2fvB9y7IeaXVbRY8tfNgvplLjfH,0,0,0,0
399,2024-05-04 14:30:44.659647+00,user_2fU9K3LbleJBLUzLKPq1rrFoca0,50,0,0,0
400,2024-05-04 14:33:53.385076+00,user_2fvB9y7IeaXVbRY8tfNgvplLjfH,0,0,0,0
401,2024-05-04 14:35:14.453709+00,user_2fU9K3LbleJBLUzLKPq1rrFoca0,50,0,0,0
402,2024-05-04 14:41:02.350504+00,user_2g0TkZmouNGFFx4CUmeuTtFrqi5,50,50,50,50
403,2024-05-04 14:41:10.431743+00,user_2g0TkZmouNGFFx4CUmeuTtFrqi5,50,50,50,50
404,2024-05-04 14:44:54.053619+00,user_2g0TkZmouNGFFx4CUmeuTtFrqi5,50,50,50,50
405,2024-05-04 14:45:15.572376+00,user_2g0TkZmouNGFFx4CUmeuTtFrqi5,50,0,0,0
406,2024-05-04 14:48:32.198579+00,user_2fvB9y7IeaXVbRY8tfNgvplLjfH,0,0,0,0
407,2024-05-04 14:48:55.085452+00,user_2fU9K3LbleJBLUzLKPq1rrFoca0,50,0,0,0
408,2024-05-04 14:51:21.717881+00,user_2fvB9y7IeaXVbRY8tfNgvplLjfH,0,0,0,0
409,2024-05-04 14:58:16.460328+00,user_2fU9K3LbleJBLUzLKPq1rrFoca0,50,0,0,0
410,2024-05-04 15:00:22.309793+00,user_2fU9K3LbleJBLUzLKPq1rrFoca0,50,0,0,0
411,2024-05-04 15:06:21.199544+00,user_2g0WsAvAse8XaWs9cUrPrlIs3uq,50,0,0,0
412,2024-05-04 15:06:32.378898+00,user_2g0WsAvAse8XaWs9cUrPrlIs3uq,50,0,0,0
413,2024-05-04 15:11:45.873547+00,user_2g0XWvlLvSUT1xsW1jkbkp4orYi,50,0,0,0
414,2024-05-04 15:11:48.892746+00,user_2g0XWvlLvSUT1xsW1jkbkp4orYi,50,0,0,0
415,2024-05-04 15:15:16.619349+00,user_2g0XWvlLvSUT1xsW1jkbkp4orYi,50,0,0,0
416,2024-05-04 15:15:19.824886+00,user_2g0XWvlLvSUT1xsW1jkbkp4orYi,50,0,0,0
417,2024-05-04 15:31:02.569822+00,user_2fubEqFupXMtlGz9D2mSCro6Upu,50,0,0,0
418,2024-05-04 17:46:57.300257+00,user_2fubEqFupXMtlGz9D2mSCro6Upu,50,0,0,0
419,2024-05-04 17:49:05.684281+00,user_2fubEqFupXMtlGz9D2mSCro6Upu,50,0,0,100
420,2024-05-04 17:56:32.778724+00,user_2fubEqFupXMtlGz9D2mSCro6Upu,50,0,0,100
421,2024-05-04 17:57:26.607045+00,user_2g0rf4MAyMDvUQSGjelanxWm1ba,50,100,0,0
422,2024-05-04 17:57:38.580296+00,user_2g0rf4MAyMDvUQSGjelanxWm1ba,50,0,0,100
423,2024-05-04 17:57:43.435622+00,user_2g0rf4MAyMDvUQSGjelanxWm1ba,50,0,0,0
424,2024-05-04 17:59:07.577567+00,user_2fubEqFupXMtlGz9D2mSCro6Upu,50,0,0,0
425,2024-05-04 17:59:12.919885+00,user_2fubEqFupXMtlGz9D2mSCro6Upu,50,0,0,100
426,2024-05-04 18:05:06.12519+00,user_2g0rf4MAyMDvUQSGjelanxWm1ba,50,0,0,0
427,2024-05-04 18:42:40.829207+00,user_2g0rf4MAyMDvUQSGjelanxWm1ba,50,0,0,0
428,2024-05-04 19:31:25.697773+00,user_2g0rf4MAyMDvUQSGjelanxWm1ba,50,0,0,0
429,2024-05-04 20:09:10.110289+00,user_2g0rf4MAyMDvUQSGjelanxWm1ba,50,0,0,0
430,2024-05-04 20:09:47.318216+00,user_2g0rf4MAyMDvUQSGjelanxWm1ba,50,0,0,0
431,2024-05-05 07:34:56.513776+00,user_2g0rf4MAyMDvUQSGjelanxWm1ba,50,0,0,0
432,2024-05-05 07:36:52.914844+00,user_2fubEqFupXMtlGz9D2mSCro6Upu,50,0,0,0
433,2024-05-05 07:43:45.911517+00,user_2fubEqFupXMtlGz9D2mSCro6Upu,50,0,0,0
434,2024-05-05 12:03:09.067252+00,user_2g0rf4MAyMDvUQSGjelanxWm1ba,50,0,0,0
435,2024-05-05 13:50:20.2723+00,user_2fubEqFupXMtlGz9D2mSCro6Upu,50,0,0,0
436,2024-05-05 13:51:13.758457+00,user_2fubEqFupXMtlGz9D2mSCro6Upu,50,0,0,0
437,2024-05-05 15:49:20.557731+00,user_2g0rf4MAyMDvUQSGjelanxWm1ba,50,0,0,0
438,2024-05-06 05:18:56.552861+00,user_2fubEqFupXMtlGz9D2mSCro6Upu,50,0,0,0
439,2024-05-06 05:20:02.558967+00,user_2g51oklRG5K4Jw7OHYKRSaYLCXZ,50,0,0,0
440,2024-05-06 05:20:07.985363+00,user_2g51oklRG5K4Jw7OHYKRSaYLCXZ,50,100,0,0
441,2024-05-06 05:20:32.101216+00,user_2g51oklRG5K4Jw7OHYKRSaYLCXZ,50,0,0,100
442,2024-05-06 06:17:08.373438+00,user_2fubEqFupXMtlGz9D2mSCro6Upu,50,0,100,0
443,2024-05-06 06:17:19.244481+00,user_2g58mZznf8ETmURduCDI7IrE3LM,50,0,0,0
444,2024-05-06 06:17:58.399714+00,user_2fubEqFupXMtlGz9D2mSCro6Upu,50,0,0,100
445,2024-05-06 06:18:10.272652+00,user_2fubEqFupXMtlGz9D2mSCro6Upu,100,0,0,0
446,2024-05-06 06:18:18.176986+00,user_2fubEqFupXMtlGz9D2mSCro6Upu,0,0,0,0
447,2024-05-06 06:19:08.453231+00,user_2g58mZznf8ETmURduCDI7IrE3LM,50,0,100,0
448,2024-05-06 06:20:30.437826+00,user_2fubEqFupXMtlGz9D2mSCro6Upu,50,0,0,0
449,2024-05-06 06:21:38.331775+00,user_2g58mZznf8ETmURduCDI7IrE3LM,50,100,0,0
450,2024-05-06 06:21:39.202393+00,user_2fubEqFupXMtlGz9D2mSCro6Upu,50,0,0,0
451,2024-05-06 06:27:42.848207+00,user_2g58mZznf8ETmURduCDI7IrE3LM,50,0,0,0
452,2024-05-06 06:28:05.43797+00,user_2g58mZznf8ETmURduCDI7IrE3LM,50,100,0,0
453,2024-05-06 08:52:53.06599+00,user_2g0rf4MAyMDvUQSGjelanxWm1ba,50,0,0,0
454,2024-05-06 10:48:33.27216+00,user_2g0rf4MAyMDvUQSGjelanxWm1ba,50,0,0,0
455,2024-05-06 11:36:01.549691+00,user_2g0rf4MAyMDvUQSGjelanxWm1ba,50,0,0,0
456,2024-05-06 11:38:25.37189+00,user_2g0rf4MAyMDvUQSGjelanxWm1ba,100,0,0,0
457,2024-05-06 11:38:38.550913+00,user_2g0rf4MAyMDvUQSGjelanxWm1ba,50,0,0,0
458,2024-05-06 11:39:05.913278+00,user_2g0rf4MAyMDvUQSGjelanxWm1ba,50,0,100,0
459,2024-05-06 12:49:22.55616+00,user_2g0rf4MAyMDvUQSGjelanxWm1ba,50,0,0,0
460,2024-05-06 13:12:15.681637+00,user_2g0rf4MAyMDvUQSGjelanxWm1ba,100,0,0,0
461,2024-05-06 13:12:25.385179+00,user_2g0rf4MAyMDvUQSGjelanxWm1ba,0,0,0,0
462,2024-05-06 13:12:33.517062+00,user_2g0rf4MAyMDvUQSGjelanxWm1ba,50,100,0,0
463,2024-05-06 13:14:13.670753+00,user_2g0rf4MAyMDvUQSGjelanxWm1ba,50,0,0,100
464,2024-05-06 13:14:45.773011+00,user_2g0rf4MAyMDvUQSGjelanxWm1ba,50,0,0,0
465,2024-05-06 15:25:23.445522+00,user_2g0rf4MAyMDvUQSGjelanxWm1ba,50,0,0,0
466,2024-05-06 18:25:29.312116+00,user_2g0rf4MAyMDvUQSGjelanxWm1ba,50,0,0,0
467,2024-05-06 19:06:25.889966+00,user_2g0rf4MAyMDvUQSGjelanxWm1ba,50,0,0,0
468,2024-05-06 20:32:28.199271+00,user_2g0XWvlLvSUT1xsW1jkbkp4orYi,50,0,0,0
469,2024-05-06 20:33:46.425637+00,user_2g6owFZEWj02UuYkys7FSBVNWbM,50,0,0,0
470,2024-05-06 20:34:18.564916+00,user_2g6owFZEWj02UuYkys7FSBVNWbM,50,0,100,0
471,2024-05-06 20:35:03.056839+00,user_2g6owFZEWj02UuYkys7FSBVNWbM,50,100,0,0
472,2024-05-06 20:35:18.086057+00,user_2g6owFZEWj02UuYkys7FSBVNWbM,50,0,0,100
473,2024-05-06 20:35:29.135848+00,user_2g6owFZEWj02UuYkys7FSBVNWbM,100,0,0,0
474,2024-05-06 21:27:53.416352+00,user_2g0rf4MAyMDvUQSGjelanxWm1ba,50,0,0,0
475,2024-05-07 03:51:51.719606+00,user_2g0rf4MAyMDvUQSGjelanxWm1ba,50,0,0,0
476,2024-05-07 13:14:47.9183+00,user_2g6owFZEWj02UuYkys7FSBVNWbM,50,0,0,0
477,2024-05-07 13:15:27.689753+00,user_2g0rf4MAyMDvUQSGjelanxWm1ba,50,0,0,0
478,2024-05-07 13:38:59.126306+00,user_2g0rf4MAyMDvUQSGjelanxWm1ba,50,0,0,0
479,2024-05-07 13:39:27.34627+00,user_2fubEqFupXMtlGz9D2mSCro6Upu,50,0,0,0
480,2024-05-07 13:39:48.846493+00,user_2fubEqFupXMtlGz9D2mSCro6Upu,50,0,0,100
481,2024-05-07 13:40:38.713041+00,user_2fubEqFupXMtlGz9D2mSCro6Upu,50,0,100,0
482,2024-05-07 13:41:41.259125+00,user_2fubEqFupXMtlGz9D2mSCro6Upu,100,0,0,0
483,2024-05-07 13:41:58.688069+00,user_2fubEqFupXMtlGz9D2mSCro6Upu,0,0,0,0
484,2024-05-07 13:44:41.900189+00,user_2g0rf4MAyMDvUQSGjelanxWm1ba,100,0,0,0
485,2024-05-07 13:49:50.563661+00,user_2g0rf4MAyMDvUQSGjelanxWm1ba,50,0,0,0
486,2024-05-07 13:50:36.538753+00,user_2g0rf4MAyMDvUQSGjelanxWm1ba,100,0,0,0
487,2024-05-07 14:51:31.145434+00,user_2g0XWvlLvSUT1xsW1jkbkp4orYi,50,0,0,0
488,2024-05-07 14:54:20.821963+00,user_2fvB9y7IeaXVbRY8tfNgvplLjfH,50,50,50,50
489,2024-05-07 14:54:41.653484+00,user_2fvB9y7IeaXVbRY8tfNgvplLjfH,50,50,50,50
490,2024-05-07 14:56:15.668178+00,user_2g0XWvlLvSUT1xsW1jkbkp4orYi,50,0,0,0
491,2024-05-07 14:56:18.053916+00,user_2g0XWvlLvSUT1xsW1jkbkp4orYi,50,0,0,0
492,2024-05-07 15:08:52.259885+00,user_2g0XWvlLvSUT1xsW1jkbkp4orYi,50,0,0,0
493,2024-05-07 15:13:33.40247+00,user_2g913nycxJXlAJuYDnFRhzEJ23d,50,0,0,0
494,2024-05-07 15:14:21.718189+00,user_2g913nycxJXlAJuYDnFRhzEJ23d,0,0,0,0
495,2024-05-07 15:23:00.851947+00,user_2fvB9y7IeaXVbRY8tfNgvplLjfH,50,0,0,0
496,2024-05-07 15:24:55.829425+00,user_2fvB9y7IeaXVbRY8tfNgvplLjfH,50,0,0,0
497,2024-05-07 15:25:22.036215+00,user_2fvB9y7IeaXVbRY8tfNgvplLjfH,50,0,0,0
498,2024-05-07 16:17:46.396233+00,user_2g0XWvlLvSUT1xsW1jkbkp4orYi,100,0,0,0
499,2024-05-07 16:26:12.519132+00,user_2g0XWvlLvSUT1xsW1jkbkp4orYi,0,0,0,0
500,2024-05-07 16:36:28.203675+00,user_2g0rf4MAyMDvUQSGjelanxWm1ba,100,0,0,0
501,2024-05-07 16:53:34.317798+00,user_2g0XWvlLvSUT1xsW1jkbkp4orYi,0,0,0,0
502,2024-05-07 16:59:14.722355+00,user_2g0XWvlLvSUT1xsW1jkbkp4orYi,0,0,0,0
503,2024-05-07 17:02:03.274969+00,user_2g0XWvlLvSUT1xsW1jkbkp4orYi,0,0,0,0
504,2024-05-07 17:03:53.680761+00,user_2g0XWvlLvSUT1xsW1jkbkp4orYi,0,0,0,0
505,2024-05-07 17:18:37.159246+00,user_2g6owFZEWj02UuYkys7FSBVNWbM,50,0,0,0
506,2024-05-07 17:19:11.230865+00,user_2g6owFZEWj02UuYkys7FSBVNWbM,50,0,100,0
507,2024-05-07 17:19:25.620994+00,user_2g6owFZEWj02UuYkys7FSBVNWbM,50,100,0,0
508,2024-05-07 17:19:33.797837+00,user_2g6owFZEWj02UuYkys7FSBVNWbM,0,0,0,0
509,2024-05-07 17:19:52.642971+00,user_2g6owFZEWj02UuYkys7FSBVNWbM,50,100,0,0
510,2024-05-07 17:28:53.899944+00,user_2g0rf4MAyMDvUQSGjelanxWm1ba,50,0,0,0
511,2024-05-07 17:29:17.690241+00,user_2g0rf4MAyMDvUQSGjelanxWm1ba,100,0,0,0
512,2024-05-07 17:58:38.792164+00,user_2g0XWvlLvSUT1xsW1jkbkp4orYi,0,0,0,0
513,2024-05-07 19:18:11.687251+00,user_2g0rf4MAyMDvUQSGjelanxWm1ba,0,0,0,0
514,2024-05-07 19:18:23.87032+00,user_2g0rf4MAyMDvUQSGjelanxWm1ba,50,100,0,0
515,2024-05-07 19:33:43.670694+00,user_2g0rf4MAyMDvUQSGjelanxWm1ba,50,0,100,0
516,2024-05-07 19:55:48.599725+00,user_2g0XWvlLvSUT1xsW1jkbkp4orYi,50,0,0,0