id,created_at,user_id,path
170,2024-04-25 21:11:23.399888+00,user_2fbBaikFt78ejPPwICvSZ9frqY8,/economy/2056798a-0be2-4d4b-bb61-29169aefe8c5/us-economy-resilience-questions-fed-rate-cuts?
171,2024-04-25 21:11:29.805814+00,user_2fbBaikFt78ejPPwICvSZ9frqY8,/settings?
172,2024-04-25 21:11:37.996577+00,user_2fbBaikFt78ejPPwICvSZ9frqY8,/home?
173,2024-04-25 21:46:09.305188+00,user_2fbBaikFt78ejPPwICvSZ9frqY8,/economy?
174,2024-04-25 21:46:10.690952+00,user_2fbBaikFt78ejPPwICvSZ9frqY8,/politics?
175,2024-04-25 21:46:12.895694+00,user_2fbBaikFt78ejPPwICvSZ9frqY8,/home?
176,2024-04-25 21:46:14.077626+00,user_2fbBaikFt78ejPPwICvSZ9frqY8,/politics?
177,2024-04-25 21:46:17.014573+00,user_2fbBaikFt78ejPPwICvSZ9frqY8,/economy?
178,2024-04-25 21:46:18.560429+00,user_2fbBaikFt78ejPPwICvSZ9frqY8,/home?
179,2024-04-25 21:46:25.468687+00,user_2fbBaikFt78ejPPwICvSZ9frqY8,/politics?
180,2024-04-25 21:46:26.444732+00,user_2fbBaikFt78ejPPwICvSZ9frqY8,/economy?
181,2024-04-25 21:46:33.743779+00,user_2fbBaikFt78ejPPwICvSZ9frqY8,/settings?
182,2024-04-25 21:46:35.827313+00,user_2fbBaikFt78ejPPwICvSZ9frqY8,/home?
183,2024-04-25 21:46:52.752989+00,user_2fbBaikFt78ejPPwICvSZ9frqY8,/settings?
184,2024-04-25 21:46:54.90868+00,user_2fbBaikFt78ejPPwICvSZ9frqY8,/home?
185,2024-04-25 21:46:57.806116+00,user_2fbBaikFt78ejPPwICvSZ9frqY8,/settings?
186,2024-04-25 21:47:00.113691+00,user_2fbBaikFt78ejPPwICvSZ9frqY8,/home?
187,2024-04-25 21:47:03.178549+00,user_2fbBaikFt78ejPPwICvSZ9frqY8,/settings?
188,2024-04-25 21:47:06.105321+00,user_2fbBaikFt78ejPPwICvSZ9frqY8,/home?
189,2024-04-25 21:47:13.15076+00,user_2fbBaikFt78ejPPwICvSZ9frqY8,/settings?
190,2024-04-25 21:47:19.775117+00,user_2fbBaikFt78ejPPwICvSZ9frqY8,/home?
191,2024-04-25 21:47:37.62614+00,user_2fbBaikFt78ejPPwICvSZ9frqY8,/politics?
192,2024-04-25 21:47:38.533864+00,user_2fbBaikFt78ejPPwICvSZ9frqY8,/home?
193,2024-04-25 21:47:40.075078+00,user_2fbBaikFt78ejPPwICvSZ9frqY8,/economy/2056798a-0be2-4d4b-bb61-29169aefe8c5/us-economy-resilience-questions-fed-rate-cuts?
194,2024-04-25 21:47:44.620172+00,user_2fbBaikFt78ejPPwICvSZ9frqY8,/politics?
195,2024-04-25 21:47:52.321937+00,user_2fbBaikFt78ejPPwICvSZ9frqY8,/economy?
196,2024-04-25 21:47:53.052372+00,user_2fbBaikFt78ejPPwICvSZ9frqY8,/home?
197,2024-04-26 03:59:11.553622+00,user_2fU9K3LbleJBLUzLKPq1rrFoca0,/home?
198,2024-04-26 04:02:39.448885+00,user_2fU9K3LbleJBLUzLKPq1rrFoca0,/home?
199,2024-04-26 04:02:41.026885+00,user_2fU9K3LbleJBLUzLKPq1rrFoca0,/home?
200,2024-04-26 16:39:06.481453+00,user_2fU9K3LbleJBLUzLKPq1rrFoca0,/?
201,2024-04-26 16:39:11.800113+00,user_2fU9K3LbleJBLUzLKPq1rrFoca0,/home?
202,2024-04-26 16:54:58.24058+00,user_2fU9K3LbleJBLUzLKPq1rrFoca0,/economy/2056798a-0be2-4d4b-bb61-29169aefe8c5/us-economy-resilience-questions-fed-rate-cuts?
203,2024-04-26 16:55:33.955069+00,user_2fU9K3LbleJBLUzLKPq1rrFoca0,/home?
204,2024-04-26 16:56:18.066225+00,user_2fU9K3LbleJBLUzLKPq1rrFoca0,/politics?
205,2024-04-26 16:56:38.529839+00,user_2fU9K3LbleJBLUzLKPq1rrFoca0,/home?
206,2024-04-26 16:56:48.399765+00,user_2fU9K3LbleJBLUzLKPq1rrFoca0,/economy/2056798a-0be2-4d4b-bb61-29169aefe8c5/us-economy-resilience-questions-fed-rate-cuts?
207,2024-04-26 16:59:48.749963+00,user_2fU9K3LbleJBLUzLKPq1rrFoca0,/settings?
208,2024-04-26 16:59:55.788568+00,user_2fU9K3LbleJBLUzLKPq1rrFoca0,/home?
209,2024-04-26 17:00:21.108695+00,user_2fU9K3LbleJBLUzLKPq1rrFoca0,/settings?
210,2024-04-26 17:00:27.135944+00,user_2fU9K3LbleJBLUzLKPq1rrFoca0,/home?
211,2024-04-27 03:43:28.493417+00,user_2fU9K3LbleJBLUzLKPq1rrFoca0,/home?
212,2024-04-27 11:02:27.109131+00,user_2fU9K3LbleJBLUzLKPq1rrFoca0,/?
213,2024-04-27 11:02:39.887436+00,user_2fU9K3LbleJBLUzLKPq1rrFoca0,/home?
214,2024-04-27 13:44:34.35848+00,user_2fU9K3LbleJBLUzLKPq1rrFoca0,/home?
215,2024-04-27 13:44:58.178347+00,user_2fU9K3LbleJBLUzLKPq1rrFoca0,/economy?
216,2024-04-27 13:44:58.686879+00,user_2fU9K3LbleJBLUzLKPq1rrFoca0,/home?
217,2024-04-27 13:45:01.129428+00,user_2fU9K3LbleJBLUzLKPq1rrFoca0,/economy/a6fed0c1-533c-4e14-b4d7-e007d800fd80/us-economy-resilience-questions-fed-rate-cuts?
218,2024-04-27 13:45:20.277128+00,user_2fU9K3LbleJBLUzLKPq1rrFoca0,/home?
219,2024-04-27 13:46:48.221167+00,user_2fU9K3LbleJBLUzLKPq1rrFoca0,/economy/84909186-fd60-47e5-8996-3d099a23a632/us-economy-resilience-questions-fed-rate-cuts?
220,2024-04-27 13:47:11.219026+00,user_2fU9K3LbleJBLUzLKPq1rrFoca0,/home?
221,2024-04-27 13:48:53.072231+00,user_2fU9K3LbleJBLUzLKPq1rrFoca0,/economy/2056798a-0be2-4d4b-bb61-29169aefe8c5/us-economy-resilience-questions-fed-rate-cuts?
222,2024-04-27 13:49:49.821923+00,user_2fU9K3LbleJBLUzLKPq1rrFoca0,/home?
223,2024-04-27 13:50:03.434509+00,user_2fU9K3LbleJBLUzLKPq1rrFoca0,/settings?
224,2024-04-27 13:50:15.726216+00,user_2fU9K3LbleJBLUzLKPq1rrFoca0,/home?
225,2024-04-27 13:53:48.016743+00,user_2fU9K3LbleJBLUzLKPq1rrFoca0,/economy/fd88b8e9-3b3c-4e8d-bd9e-fed3217b8185/us-economy-resilience-questions-fed-rate-cuts?
226,2024-04-27 13:53:49.823872+00,user_2fU9K3LbleJBLUzLKPq1rrFoca0,/home?
227,2024-04-27 13:56:19.382504+00,user_2fU9K3LbleJBLUzLKPq1rrFoca0,/home?
228,2024-04-27 14:03:14.492886+00,user_2fU9K3LbleJBLUzLKPq1rrFoca0,/?
229,2024-04-27 14:03:27.054211+00,user_2fU9K3LbleJBLUzLKPq1rrFoca0,/home?
230,2024-04-27 14:30:48.466463+00,user_2fHkgigzGrFzFUSyXw5u6fmWJNn,/?
231,2024-04-27 14:32:26.504972+00,user_2fHkgigzGrFzFUSyXw5u6fmWJNn,/preference?
232,2024-04-27 14:32:26.732409+00,user_2fHkgigzGrFzFUSyXw5u6fmWJNn,/preference?
233,2024-04-27 15:15:57.813911+00,user_2fU9K3LbleJBLUzLKPq1rrFoca0,/?
234,2024-04-27 15:16:03.95075+00,user_2fU9K3LbleJBLUzLKPq1rrFoca0,/home?
235,2024-04-27 15:17:49.630344+00,user_2fU9K3LbleJBLUzLKPq1rrFoca0,/home?
236,2024-04-27 15:18:27.891662+00,user_2fU9K3LbleJBLUzLKPq1rrFoca0,/home?
237,2024-04-27 15:18:35.443491+00,user_2fU9K3LbleJBLUzLKPq1rrFoca0,/home?
238,2024-04-27 15:19:08.997596+00,user_2fU9K3LbleJBLUzLKPq1rrFoca0,/?
239,2024-04-27 15:19:11.09901+00,user_2fU9K3LbleJBLUzLKPq1rrFoca0,/home?
240,2024-04-27 15:28:23.483927+00,user_2fU9K3LbleJBLUzLKPq1rrFoca0,/?
241,2024-04-27 21:18:26.999493+00,user_2fbBaikFt78ejPPwICvSZ9frqY8,/?
242,2024-04-27 21:18:32.663125+00,user_2fbBaikFt78ejPPwICvSZ9frqY8,/home?
243,2024-04-28 09:40:24.07099+00,user_2fU9K3LbleJBLUzLKPq1rrFoca0,/home?
244,2024-04-28 10:25:40.096696+00,user_2fU9K3LbleJBLUzLKPq1rrFoca0,/?
245,2024-04-28 10:25:42.538993+00,user_2fU9K3LbleJBLUzLKPq1rrFoca0,/home?
246,2024-04-28 10:25:43.645758+00,user_2fU9K3LbleJBLUzLKPq1rrFoca0,/economy/2056798a-0be2-4d4b-bb61-29169aefe8c5/us-economy-resilience-questions-fed-rate-cuts?
247,2024-04-28 10:49:10.254058+00,user_2fU9K3LbleJBLUzLKPq1rrFoca0,/home?
248,2024-04-28 10:49:11.695293+00,user_2fU9K3LbleJBLUzLKPq1rrFoca0,/economy/84909186-fd60-47e5-8996-3d099a23a632/us-economy-resilience-questions-fed-rate-cuts?
249,2024-04-28 20:24:50.437208+00,user_2fU9K3LbleJBLUzLKPq1rrFoca0,/?
250,2024-04-28 20:24:54.242867+00,user_2fU9K3LbleJBLUzLKPq1rrFoca0,/home?
251,2024-04-29 07:43:29.662416+00,user_2fU9K3LbleJBLUzLKPq1rrFoca0,/?
252,2024-04-29 07:43:33.945963+00,user_2fU9K3LbleJBLUzLKPq1rrFoca0,/home?
253,2024-04-29 07:43:38.216166+00,user_2fU9K3LbleJBLUzLKPq1rrFoca0,/economy/fd88b8e9-3b3c-4e8d-bd9e-fed3217b8185/us-economy-resilience-questions-fed-rate-cuts?
254,2024-04-29 07:43:41.104395+00,user_2fU9K3LbleJBLUzLKPq1rrFoca0,/home?
255,2024-04-29 12:34:37.895365+00,user_2fU9K3LbleJBLUzLKPq1rrFoca0,/?
256,2024-04-29 12:34:42.126942+00,user_2fU9K3LbleJBLUzLKPq1rrFoca0,/home?
257,2024-04-29 12:35:03.152548+00,user_2fU9K3LbleJBLUzLKPq1rrFoca0,/politics?
258,2024-04-29 12:35:04.439281+00,user_2fU9K3LbleJBLUzLKPq1rrFoca0,/home?
259,2024-04-29 13:29:27.396877+00,user_2fU9K3LbleJBLUzLKPq1rrFoca0,/?
260,2024-04-29 13:30:22.485449+00,user_2fU9K3LbleJBLUzLKPq1rrFoca0,/home?
261,2024-04-29 13:30:27.509658+00,user_2fU9K3LbleJBLUzLKPq1rrFoca0,/economy/2056798a-0be2-4d4b-bb61-29169aefe8c5/us-economy-resilience-questions-fed-rate-cuts?
262,2024-04-29 13:30:36.371535+00,user_2fU9K3LbleJBLUzLKPq1rrFoca0,/home?
263,2024-04-29 13:42:00.851868+00,user_2fU9K3LbleJBLUzLKPq1rrFoca0,/home?
264,2024-04-29 14:06:29.143068+00,user_2fbBaikFt78ejPPwICvSZ9frqY8,/?
265,2024-04-29 14:06:38.548463+00,user_2fbBaikFt78ejPPwICvSZ9frqY8,/?
266,2024-04-29 14:06:51.951301+00,user_2fbBaikFt78ejPPwICvSZ9frqY8,/home?
267,2024-04-29 14:07:45.495901+00,user_2fHkgigzGrFzFUSyXw5u6fmWJNn,/home?
268,2024-04-29 14:07:52.277064+00,user_2fHkgigzGrFzFUSyXw5u6fmWJNn,/home?
269,2024-04-29 14:08:12.573195+00,user_2fU9K3LbleJBLUzLKPq1rrFoca0,/home?
270,2024-04-29 14:08:42.328839+00,user_2fU9K3LbleJBLUzLKPq1rrFoca0,/home?
271,2024-04-29 14:12:34.215381+00,user_2fU9K3LbleJBLUzLKPq1rrFoca0,/economy/a6fed0c1-533c-4e14-b4d7-e007d800fd80/us-economy-resilience-questions-fed-rate-cuts?
272,2024-04-29 14:16:22.729024+00,user_2fU9K3LbleJBLUzLKPq1rrFoca0,/home?
273,2024-04-29 14:24:38.427299+00,user_2fU9K3LbleJBLUzLKPq1rrFoca0,/economy?
274,2024-04-29 14:24:40.101155+00,user_2fU9K3LbleJBLUzLKPq1rrFoca0,/home?
275,2024-04-29 14:24:40.997375+00,user_2fHkgigzGrFzFUSyXw5u6fmWJNn,/economy?
276,2024-04-29 14:24:44.03362+00,user_2fHkgigzGrFzFUSyXw5u6fmWJNn,/politics?
277,2024-04-29 14:24:45.014779+00,user_2fU9K3LbleJBLUzLKPq1rrFoca0,/economy?
278,2024-04-29 14:24:46.632743+00,user_2fU9K3LbleJBLUzLKPq1rrFoca0,/home?
279,2024-04-29 14:24:50.125096+00,user_2fHkgigzGrFzFUSyXw5u6fmWJNn,/home?
280,2024-04-29 14:52:32.78632+00,user_2fHkgigzGrFzFUSyXw5u6fmWJNn,/?
281,2024-04-29 14:54:48.278031+00,user_2fHkgigzGrFzFUSyXw5u6fmWJNn,/?
282,2024-04-29 14:54:48.429894+00,user_2fHkgigzGrFzFUSyXw5u6fmWJNn,/?
283,2024-04-29 14:56:23.632741+00,user_2fHkgigzGrFzFUSyXw5u6fmWJNn,/?
284,2024-04-29 14:56:23.773114+00,user_2fHkgigzGrFzFUSyXw5u6fmWJNn,/?
285,2024-04-29 14:59:16.756083+00,user_2fHkgigzGrFzFUSyXw5u6fmWJNn,/?
286,2024-04-29 14:59:16.903349+00,user_2fHkgigzGrFzFUSyXw5u6fmWJNn,/?
287,2024-04-29 14:59:40.907397+00,user_2fHkgigzGrFzFUSyXw5u6fmWJNn,/?
288,2024-04-29 14:59:41.024015+00,user_2fHkgigzGrFzFUSyXw5u6fmWJNn,/?
289,2024-04-29 14:59:48.209658+00,user_2fHkgigzGrFzFUSyXw5u6fmWJNn,/?
290,2024-04-29 14:59:48.329049+00,user_2fHkgigzGrFzFUSyXw5u6fmWJNn,/?
291,2024-04-29 15:00:08.849353+00,user_2fHkgigzGrFzFUSyXw5u6fmWJNn,/?
292,2024-04-29 15:00:08.959561+00,user_2fHkgigzGrFzFUSyXw5u6fmWJNn,/?
293,2024-04-29 15:01:09.957108+00,user_2fU9K3LbleJBLUzLKPq1rrFoca0,/home?
294,2024-04-29 15:04:34.257007+00,user_2fHkgigzGrFzFUSyXw5u6fmWJNn,/?
295,2024-04-29 15:04:34.365581+00,user_2fHkgigzGrFzFUSyXw5u6fmWJNn,/?
296,2024-04-29 15:04:48.21139+00,user_2fHkgigzGrFzFUSyXw5u6fmWJNn,/home?
297,2024-04-29 15:04:56.817075+00,user_2fHkgigzGrFzFUSyXw5u6fmWJNn,/home?
298,2024-04-29 15:04:56.910516+00,user_2fHkgigzGrFzFUSyXw5u6fmWJNn,/home?
299,2024-04-29 15:47:08.099544+00,user_2fHkgigzGrFzFUSyXw5u6fmWJNn,/home?
300,2024-04-29 15:47:08.226101+00,user_2fHkgigzGrFzFUSyXw5u6fmWJNn,/home?
301,2024-04-29 15:47:09.651509+00,user_2fHkgigzGrFzFUSyXw5u6fmWJNn,/economy/84909186-fd60-47e5-8996-3d099a23a632/us-economy-resilience-questions-fed-rate-cuts?
302,2024-04-29 15:47:09.762498+00,user_2fHkgigzGrFzFUSyXw5u6fmWJNn,/economy/84909186-fd60-47e5-8996-3d099a23a632/us-economy-resilience-questions-fed-rate-cuts?
303,2024-04-29 15:52:39.6276+00,user_2fHkgigzGrFzFUSyXw5u6fmWJNn,/economy/84909186-fd60-47e5-8996-3d099a23a632/us-economy-resilience-questions-fed-rate-cuts?
304,2024-04-29 15:52:39.860016+00,user_2fHkgigzGrFzFUSyXw5u6fmWJNn,/economy/84909186-fd60-47e5-8996-3d099a23a632/us-economy-resilience-questions-fed-rate-cuts?
305,2024-04-29 15:56:21.28759+00,user_2fHkgigzGrFzFUSyXw5u6fmWJNn,/economy/84909186-fd60-47e5-8996-3d099a23a632/us-economy-resilience-questions-fed-rate-cuts?
306,2024-04-29 15:56:21.379301+00,user_2fHkgigzGrFzFUSyXw5u6fmWJNn,/economy/84909186-fd60-47e5-8996-3d099a23a632/us-economy-resilience-questions-fed-rate-cuts?
307,2024-04-29 15:56:59.274682+00,user_2fHkgigzGrFzFUSyXw5u6fmWJNn,/home?
308,2024-04-29 15:57:06.522381+00,user_2fHkgigzGrFzFUSyXw5u6fmWJNn,/politics?
309,2024-04-29 15:57:08.964344+00,user_2fHkgigzGrFzFUSyXw5u6fmWJNn,/economy?
310,2024-04-29 15:57:12.541594+00,user_2fHkgigzGrFzFUSyXw5u6fmWJNn,/home?
311,2024-04-29 15:58:01.396338+00,user_2fHkgigzGrFzFUSyXw5u6fmWJNn,/economy/2056798a-0be2-4d4b-bb61-29169aefe8c5/us-economy-resilience-questions-fed-rate-cuts?
312,2024-04-29 15:58:07.318548+00,user_2fHkgigzGrFzFUSyXw5u6fmWJNn,/home?
313,2024-04-29 16:05:43.662614+00,user_2fHkgigzGrFzFUSyXw5u6fmWJNn,/home?
314,2024-04-29 16:05:43.770049+00,user_2fHkgigzGrFzFUSyXw5u6fmWJNn,/home?
315,2024-04-29 16:14:01.867901+00,user_2fHkgigzGrFzFUSyXw5u6fmWJNn,/home?
316,2024-04-29 16:14:01.952889+00,user_2fHkgigzGrFzFUSyXw5u6fmWJNn,/home?
317,2024-04-29 16:14:11.723972+00,user_2fHkgigzGrFzFUSyXw5u6fmWJNn,/settings?
318,2024-04-29 16:14:27.537718+00,user_2fHkgigzGrFzFUSyXw5u6fmWJNn,/settings?
319,2024-04-29 16:14:27.624227+00,user_2fHkgigzGrFzFUSyXw5u6fmWJNn,/settings?
320,2024-04-29 16:17:25.812874+00,user_2fHkgigzGrFzFUSyXw5u6fmWJNn,/settings?
321,2024-04-29 16:17:25.915342+00,user_2fHkgigzGrFzFUSyXw5u6fmWJNn,/settings?
322,2024-04-29 16:22:43.545466+00,user_2fHkgigzGrFzFUSyXw5u6fmWJNn,/settings?
323,2024-04-29 16:22:43.686816+00,user_2fHkgigzGrFzFUSyXw5u6fmWJNn,/settings?
324,2024-04-29 16:22:50.192607+00,user_2fHkgigzGrFzFUSyXw5u6fmWJNn,/home?
325,2024-04-29 16:24:19.71815+00,user_2fHkgigzGrFzFUSyXw5u6fmWJNn,/?
326,2024-04-29 16:24:19.82051+00,user_2fHkgigzGrFzFUSyXw5u6fmWJNn,/?
327,2024-04-29 16:26:44.525913+00,user_2fHkgigzGrFzFUSyXw5u6fmWJNn,/?
328,2024-04-29 16:26:44.73784+00,user_2fHkgigzGrFzFUSyXw5u6fmWJNn,/?
329,2024-04-29 16:26:59.734682+00,user_2fHkgigzGrFzFUSyXw5u6fmWJNn,/home?
330,2024-04-29 16:28:08.630522+00,user_2fU9K3LbleJBLUzLKPq1rrFoca0,/home?
331,2024-04-29 16:28:23.924932+00,user_2fU9K3LbleJBLUzLKPq1rrFoca0,/economy/2056798a-0be2-4d4b-bb61-29169aefe8c5/us-economy-resilience-questions-fed-rate-cuts?
332,2024-04-29 16:28:29.683573+00,user_2fU9K3LbleJBLUzLKPq1rrFoca0,/?
333,2024-04-29 16:28:30.01803+00,user_2fU9K3LbleJBLUzLKPq1rrFoca0,/home?
334,2024-04-29 16:28:36.633192+00,user_2fHkgigzGrFzFUSyXw5u6fmWJNn,/settings?
335,2024-04-29 16:28:43.570174+00,user_2fHkgigzGrFzFUSyXw5u6fmWJNn,/home?
336,2024-04-29 16:28:49.661848+00,user_2fU9K3LbleJBLUzLKPq1rrFoca0,/home?
337,2024-04-29 16:28:57.226494+00,user_2fU9K3LbleJBLUzLKPq1rrFoca0,/economy/2056798a-0be2-4d4b-bb61-29169aefe8c5/us-economy-resilience-questions-fed-rate-cuts?
338,2024-04-29 16:29:05.141295+00,user_2fU9K3LbleJBLUzLKPq1rrFoca0,/home?
339,2024-04-29 16:29:11.890479+00,user_2fU9K3LbleJBLUzLKPq1rrFoca0,/?
340,2024-04-29 16:29:12.168109+00,user_2fU9K3LbleJBLUzLKPq1rrFoca0,/home?
341,2024-04-29 16:32:14.8381+00,user_2fU9K3LbleJBLUzLKPq1rrFoca0,/?
342,2024-04-29 16:32:19.486651+00,user_2fU9K3LbleJBLUzLKPq1rrFoca0,/home?
343,2024-04-29 16:32:39.521993+00,user_2fU9K3LbleJBLUzLKPq1rrFoca0,/economy/2056798a-0be2-4d4b-bb61-29169aefe8c5/us-economy-resilience-questions-fed-rate-cuts?
344,2024-04-29 16:32:42.765529+00,user_2fU9K3LbleJBLUzLKPq1rrFoca0,/home?
345,2024-04-29 16:37:48.910901+00,user_2fU9K3LbleJBLUzLKPq1rrFoca0,/economy?
346,2024-04-29 16:37:50.229169+00,user_2fU9K3LbleJBLUzLKPq1rrFoca0,/home?
347,2024-04-29 16:39:10.954296+00,user_2fHkgigzGrFzFUSyXw5u6fmWJNn,/?
348,2024-04-29 16:39:49.834432+00,user_2fHkgigzGrFzFUSyXw5u6fmWJNn,/?
349,2024-04-29 16:40:19.113879+00,user_2fHkgigzGrFzFUSyXw5u6fmWJNn,/?
350,2024-04-29 16:40:21.17901+00,user_2fHkgigzGrFzFUSyXw5u6fmWJNn,/?
351,2024-04-29 16:42:29.971148+00,user_2fHkgigzGrFzFUSyXw5u6fmWJNn,/?
352,2024-04-29 16:42:31.722853+00,user_2fHkgigzGrFzFUSyXw5u6fmWJNn,/?
353,2024-04-29 16:42:33.43452+00,user_2fHkgigzGrFzFUSyXw5u6fmWJNn,/?
354,2024-04-29 16:42:37.743931+00,user_2fHkgigzGrFzFUSyXw5u6fmWJNn,/?
355,2024-04-29 16:42:42.742758+00,user_2fHkgigzGrFzFUSyXw5u6fmWJNn,/home?
356,2024-04-29 16:45:58.670053+00,user_2fHkgigzGrFzFUSyXw5u6fmWJNn,/home?
357,2024-04-29 16:45:58.770795+00,user_2fHkgigzGrFzFUSyXw5u6fmWJNn,/home?
358,2024-04-29 16:46:06.07971+00,user_2fHkgigzGrFzFUSyXw5u6fmWJNn,/politics?
359,2024-04-29 16:46:08.406687+00,user_2fHkgigzGrFzFUSyXw5u6fmWJNn,/home?
360,2024-04-29 16:46:12.253451+00,user_2fHkgigzGrFzFUSyXw5u6fmWJNn,/economy?
361,2024-04-29 16:46:13.699865+00,user_2fHkgigzGrFzFUSyXw5u6fmWJNn,/home?
362,2024-04-29 16:47:28.253189+00,user_2fU9K3LbleJBLUzLKPq1rrFoca0,/home?
363,2024-04-29 16:47:34.750647+00,user_2fU9K3LbleJBLUzLKPq1rrFoca0,/home?
364,2024-04-29 16:47:45.619886+00,user_2fU9K3LbleJBLUzLKPq1rrFoca0,/home?
365,2024-04-29 16:47:58.205778+00,user_2fU9K3LbleJBLUzLKPq1rrFoca0,/?
366,2024-04-29 16:48:05.949848+00,user_2fU9K3LbleJBLUzLKPq1rrFoca0,/home?
367,2024-04-29 16:48:20.162226+00,user_2fU9K3LbleJBLUzLKPq1rrFoca0,/economy/fd88b8e9-3b3c-4e8d-bd9e-fed3217b8185/us-economy-resilience-questions-fed-rate-cuts?
368,2024-04-29 16:48:25.312741+00,user_2fU9K3LbleJBLUzLKPq1rrFoca0,/home?
369,2024-04-29 16:49:13.410207+00,user_2fU9K3LbleJBLUzLKPq1rrFoca0,/settings?
370,2024-04-29 16:49:15.315103+00,user_2fU9K3LbleJBLUzLKPq1rrFoca0,/home?
371,2024-04-29 16:49:35.856814+00,user_2fU9K3LbleJBLUzLKPq1rrFoca0,/home?
372,2024-04-29 16:50:10.628607+00,user_2fU9K3LbleJBLUzLKPq1rrFoca0,/home?
373,2024-04-29 16:50:21.828698+00,user_2fU9K3LbleJBLUzLKPq1rrFoca0,/economy/84909186-fd60-47e5-8996-3d099a23a632/us-economy-resilience-questions-fed-rate-cuts?
374,2024-04-29 16:52:32.822431+00,user_2fU9K3LbleJBLUzLKPq1rrFoca0,/home?
375,2024-04-29 16:54:32.785548+00,user_2fHkgigzGrFzFUSyXw5u6fmWJNn,/home?
376,2024-04-29 16:54:32.910309+00,user_2fHkgigzGrFzFUSyXw5u6fmWJNn,/home?
377,2024-04-29 16:56:15.34095+00,user_2fU9K3LbleJBLUzLKPq1rrFoca0,/economy?
378,2024-04-29 16:56:17.352656+00,user_2fU9K3LbleJBLUzLKPq1rrFoca0,/home?
379,2024-04-29 16:56:54.96974+00,user_2fHkgigzGrFzFUSyXw5u6fmWJNn,/home?
380,2024-04-29 16:56:55.068387+00,user_2fHkgigzGrFzFUSyXw5u6fmWJNn,/home?
381,2024-04-29 17:00:54.002454+00,user_2fHkgigzGrFzFUSyXw5u6fmWJNn,/politics?
382,2024-04-29 17:01:59.558375+00,user_2fHkgigzGrFzFUSyXw5u6fmWJNn,/politics?
383,2024-04-29 17:01:59.712597+00,user_2fHkgigzGrFzFUSyXw5u6fmWJNn,/politics?
384,2024-04-29 17:02:00.95352+00,user_2fHkgigzGrFzFUSyXw5u6fmWJNn,/politics?
385,2024-04-29 17:02:01.042357+00,user_2fHkgigzGrFzFUSyXw5u6fmWJNn,/politics?
386,2024-04-29 17:02:28.427291+00,user_2fHkgigzGrFzFUSyXw5u6fmWJNn,/politics?
387,2024-04-29 17:02:38.785444+00,user_2fHkgigzGrFzFUSyXw5u6fmWJNn,/home?
388,2024-04-29 17:02:39.930993+00,user_2fHkgigzGrFzFUSyXw5u6fmWJNn,/politics?
389,2024-04-29 17:02:44.497003+00,user_2fHkgigzGrFzFUSyXw5u6fmWJNn,/economy?
390,2024-04-29 17:03:02.177864+00,user_2fHkgigzGrFzFUSyXw5u6fmWJNn,/politics?
391,2024-04-29 17:03:35.138543+00,user_2fHkgigzGrFzFUSyXw5u6fmWJNn,/politics?
392,2024-04-29 17:03:35.274877+00,user_2fHkgigzGrFzFUSyXw5u6fmWJNn,/politics?
393,2024-04-29 17:03:43.354735+00,user_2fHkgigzGrFzFUSyXw5u6fmWJNn,/economy?
394,2024-04-29 17:04:52.224882+00,user_2fHkgigzGrFzFUSyXw5u6fmWJNn,/economy?
395,2024-04-29 17:04:52.366665+00,user_2fHkgigzGrFzFUSyXw5u6fmWJNn,/economy?
396,2024-04-29 17:05:14.54398+00,user_2fHkgigzGrFzFUSyXw5u6fmWJNn,/economy?
397,2024-04-29 17:05:14.579968+00,user_2fHkgigzGrFzFUSyXw5u6fmWJNn,/economy?
398,2024-04-29 17:05:14.666013+00,user_2fHkgigzGrFzFUSyXw5u6fmWJNn,/economy?
399,2024-04-29 17:05:14.769699+00,user_2fHkgigzGrFzFUSyXw5u6fmWJNn,/economy?
400,2024-04-29 17:05:15.350507+00,user_2fHkgigzGrFzFUSyXw5u6fmWJNn,/politics?
401,2024-04-29 17:05:18.007257+00,user_2fHkgigzGrFzFUSyXw5u6fmWJNn,/politics?
402,2024-04-29 17:05:18.134042+00,user_2fHkgigzGrFzFUSyXw5u6fmWJNn,/politics?
403,2024-04-29 17:05:24.526127+00,user_2fHkgigzGrFzFUSyXw5u6fmWJNn,/politics?
404,2024-04-29 17:05:24.653617+00,user_2fHkgigzGrFzFUSyXw5u6fmWJNn,/politics?
405,2024-04-29 17:05:35.963636+00,user_2fHkgigzGrFzFUSyXw5u6fmWJNn,/economy?
406,2024-04-29 17:05:38.304257+00,user_2fHkgigzGrFzFUSyXw5u6fmWJNn,/home?
407,2024-04-29 17:06:08.923135+00,user_2fHkgigzGrFzFUSyXw5u6fmWJNn,/politics?
408,2024-04-29 17:06:10.489706+00,user_2fHkgigzGrFzFUSyXw5u6fmWJNn,/home?
409,2024-04-29 17:12:11.920895+00,user_2fU9K3LbleJBLUzLKPq1rrFoca0,/home?
410,2024-04-29 17:12:28.336869+00,user_2fU9K3LbleJBLUzLKPq1rrFoca0,/home?
411,2024-04-29 17:12:58.27719+00,user_2fU9K3LbleJBLUzLKPq1rrFoca0,/home?
412,2024-04-29 17:17:31.894696+00,user_2fU9K3LbleJBLUzLKPq1rrFoca0,/economy/977fd4ee-5b33-42ce-bad8-97cb6369bc09/us-economy-resilience-questions-fed-rate-cuts?
413,2024-04-29 17:18:28.635157+00,user_2fU9K3LbleJBLUzLKPq1rrFoca0,/home?
414,2024-04-29 17:18:29.852564+00,user_2fU9K3LbleJBLUzLKPq1rrFoca0,/economy/84909186-fd60-47e5-8996-3d099a23a632/us-economy-resilience-questions-fed-rate-cuts?
415,2024-04-29 17:22:45.031174+00,user_2fHkgigzGrFzFUSyXw5u6fmWJNn,/home?
416,2024-04-29 17:22:46.161076+00,user_2fHkgigzGrFzFUSyXw5u6fmWJNn,/politics?
417,2024-04-29 17:22:47.644886+00,user_2fHkgigzGrFzFUSyXw5u6fmWJNn,/economy?
418,2024-04-29 17:22:48.870323+00,user_2fHkgigzGrFzFUSyXw5u6fmWJNn,/home?
419,2024-04-29 17:22:51.384244+00,user_2fHkgigzGrFzFUSyXw5u6fmWJNn,/economy?
420,2024-04-29 17:23:31.792335+00,user_2fHkgigzGrFzFUSyXw5u6fmWJNn,/politics?
421,2024-04-29 17:23:34.041661+00,user_2fHkgigzGrFzFUSyXw5u6fmWJNn,/economy?
422,2024-04-29 17:23:39.879393+00,user_2fHkgigzGrFzFUSyXw5u6fmWJNn,/economy?
423,2024-04-29 17:23:39.997562+00,user_2fHkgigzGrFzFUSyXw5u6fmWJNn,/economy?
424,2024-04-29 17:23:40.806817+00,user_2fHkgigzGrFzFUSyXw5u6fmWJNn,/politics?
425,2024-04-29 17:23:41.954306+00,user_2fHkgigzGrFzFUSyXw5u6fmWJNn,/economy?
426,2024-04-29 17:24:43.358285+00,user_2fHkgigzGrFzFUSyXw5u6fmWJNn,/economy?
427,2024-04-29 17:24:43.45267+00,user_2fHkgigzGrFzFUSyXw5u6fmWJNn,/economy?
428,2024-04-29 17:37:02.647084+00,user_2fU9K3LbleJBLUzLKPq1rrFoca0,/home?
429,2024-04-29 17:45:35.153065+00,user_2fHkgigzGrFzFUSyXw5u6fmWJNn,/?
430,2024-04-29 17:45:35.263873+00,user_2fHkgigzGrFzFUSyXw5u6fmWJNn,/?
431,2024-04-29 17:46:45.00499+00,user_2fHkgigzGrFzFUSyXw5u6fmWJNn,/home?
432,2024-04-29 17:46:48.931981+00,user_2fHkgigzGrFzFUSyXw5u6fmWJNn,/economy/84909186-fd60-47e5-8996-3d099a23a632/us-economy-resilience-questions-fed-rate-cuts?
433,2024-04-29 17:46:52.587113+00,user_2fHkgigzGrFzFUSyXw5u6fmWJNn,/economy/84909186-fd60-47e5-8996-3d099a23a632/us-economy-resilience-questions-fed-rate-cuts?
434,2024-04-29 17:46:52.688814+00,user_2fHkgigzGrFzFUSyXw5u6fmWJNn,/economy/84909186-fd60-47e5-8996-3d099a23a632/us-economy-resilience-questions-fed-rate-cuts?
435,2024-04-29 17:46:54.369369+00,user_2fHkgigzGrFzFUSyXw5u6fmWJNn,/economy/84909186-fd60-47e5-8996-3d099a23a632/us-economy-resilience-questions-fed-rate-cuts?
436,2024-04-29 17:46:54.466998+00,user_2fHkgigzGrFzFUSyXw5u6fmWJNn,/economy/84909186-fd60-47e5-8996-3d099a23a632/us-economy-resilience-questions-fed-rate-cuts?
437,2024-04-29 17:47:19.027439+00,user_2fHkgigzGrFzFUSyXw5u6fmWJNn,/admin?
438,2024-04-29 17:47:19.155516+00,user_2fHkgigzGrFzFUSyXw5u6fmWJNn,/admin?
439,2024-04-29 17:49:48.891821+00,user_2fHkgigzGrFzFUSyXw5u6fmWJNn,/admin?
440,2024-04-29 17:49:49.044516+00,user_2fHkgigzGrFzFUSyXw5u6fmWJNn,/admin?
441,2024-04-29 17:51:04.160747+00,user_2fHkgigzGrFzFUSyXw5u6fmWJNn,/admin?
442,2024-04-29 17:51:04.515021+00,user_2fHkgigzGrFzFUSyXw5u6fmWJNn,/admin?
443,2024-04-29 17:51:20.416057+00,user_2fHkgigzGrFzFUSyXw5u6fmWJNn,/?
444,2024-04-29 17:51:20.57845+00,user_2fHkgigzGrFzFUSyXw5u6fmWJNn,/?
445,2024-04-29 17:51:23.036742+00,user_2fHkgigzGrFzFUSyXw5u6fmWJNn,/home?
446,2024-04-29 17:51:29.09777+00,user_2fHkgigzGrFzFUSyXw5u6fmWJNn,/economy/b01ec2ed-5b74-4db3-af45-241f03c18d4e/us-economy-resilience-questions-fed-rate-cuts?
447,2024-04-29 17:51:31.872593+00,user_2fHkgigzGrFzFUSyXw5u6fmWJNn,/economy/b01ec2ed-5b74-4db3-af45-241f03c18d4e/us-economy-resilience-questions-fed-rate-cuts?
448,2024-04-29 17:51:31.979823+00,user_2fHkgigzGrFzFUSyXw5u6fmWJNn,/economy/b01ec2ed-5b74-4db3-af45-241f03c18d4e/us-economy-resilience-questions-fed-rate-cuts?
449,2024-04-29 17:51:33.539063+00,user_2fHkgigzGrFzFUSyXw5u6fmWJNn,/economy/b01ec2ed-5b74-4db3-af45-241f03c18d4e/us-economy-resilience-questions-fed-rate-cuts?
450,2024-04-29 17:51:33.621307+00,user_2fHkgigzGrFzFUSyXw5u6fmWJNn,/economy/b01ec2ed-5b74-4db3-af45-241f03c18d4e/us-economy-resilience-questions-fed-rate-cuts?
451,2024-04-29 17:52:10.285323+00,user_2fHkgigzGrFzFUSyXw5u6fmWJNn,/economy/b01ec2ed-5b74-4db3-af45-241f03c18d4e/us-economy-resilience-questions-fed-rate-cuts?
452,2024-04-29 17:52:10.411507+00,user_2fHkgigzGrFzFUSyXw5u6fmWJNn,/economy/b01ec2ed-5b74-4db3-af45-241f03c18d4e/us-economy-resilience-questions-fed-rate-cuts?
453,2024-04-29 17:52:12.247576+00,user_2fHkgigzGrFzFUSyXw5u6fmWJNn,/economy/b01ec2ed-5b74-4db3-af45-241f03c18d4e/us-economy-resilience-questions-fed-rate-cuts?
454,2024-04-29 17:52:12.347597+00,user_2fHkgigzGrFzFUSyXw5u6fmWJNn,/economy/b01ec2ed-5b74-4db3-af45-241f03c18d4e/us-economy-resilience-questions-fed-rate-cuts?
455,2024-04-29 17:59:32.409683+00,user_2fU9K3LbleJBLUzLKPq1rrFoca0,/settings?
456,2024-04-29 18:03:59.446431+00,user_2fHkgigzGrFzFUSyXw5u6fmWJNn,/economy/b01ec2ed-5b74-4db3-af45-241f03c18d4e/us-economy-resilience-questions-fed-rate-cuts?
457,2024-04-29 18:03:59.552225+00,user_2fHkgigzGrFzFUSyXw5u6fmWJNn,/economy/b01ec2ed-5b74-4db3-af45-241f03c18d4e/us-economy-resilience-questions-fed-rate-cuts?
458,2024-04-29 18:04:51.223929+00,user_2fU9K3LbleJBLUzLKPq1rrFoca0,/home?
459,2024-04-29 18:05:44.53726+00,user_2fU9K3LbleJBLUzLKPq1rrFoca0,/settings?
460,2024-04-29 18:08:55.395799+00,user_2fHkgigzGrFzFUSyXw5u6fmWJNn,/home?
461,2024-04-29 18:09:02.160512+00,user_2fHkgigzGrFzFUSyXw5u6fmWJNn,/economy/b01ec2ed-5b74-4db3-af45-241f03c18d4e/us-economy-resilience-questions-fed-rate-cuts?
462,2024-04-29 18:13:39.878154+00,user_2fHkgigzGrFzFUSyXw5u6fmWJNn,/?
463,2024-04-29 18:13:46.686728+00,user_2fHkgigzGrFzFUSyXw5u6fmWJNn,/?
464,2024-04-29 18:13:50.598658+00,user_2fHkgigzGrFzFUSyXw5u6fmWJNn,/home?
465,2024-04-29 18:13:53.510466+00,user_2fHkgigzGrFzFUSyXw5u6fmWJNn,/economy/b01ec2ed-5b74-4db3-af45-241f03c18d4e/us-economy-resilience-questions-fed-rate-cuts?
466,2024-04-29 18:15:13.145689+00,user_2fU9K3LbleJBLUzLKPq1rrFoca0,/home?
467,2024-04-29 18:15:15.722298+00,user_2fU9K3LbleJBLUzLKPq1rrFoca0,/economy/b01ec2ed-5b74-4db3-af45-241f03c18d4e/us-economy-resilience-questions-fed-rate-cuts?
468,2024-04-29 18:15:52.868023+00,user_2fU9K3LbleJBLUzLKPq1rrFoca0,/home?
469,2024-04-29 18:16:09.984537+00,user_2fU9K3LbleJBLUzLKPq1rrFoca0,/economy/b01ec2ed-5b74-4db3-af45-241f03c18d4e/us-economy-resilience-questions-fed-rate-cuts?
470,2024-04-29 18:16:13.526651+00,user_2fU9K3LbleJBLUzLKPq1rrFoca0,/home?
471,2024-04-29 18:24:49.954882+00,user_2fU9K3LbleJBLUzLKPq1rrFoca0,/settings?
472,2024-04-29 18:24:52.34534+00,user_2fU9K3LbleJBLUzLKPq1rrFoca0,/home?
473,2024-04-29 18:25:04.665354+00,user_2fU9K3LbleJBLUzLKPq1rrFoca0,/economy/b01ec2ed-5b74-4db3-af45-241f03c18d4e/us-economy-resilience-questions-fed-rate-cuts?
474,2024-04-29 18:25:12.663898+00,user_2fU9K3LbleJBLUzLKPq1rrFoca0,/home?
475,2024-04-29 18:25:14.206409+00,user_2fU9K3LbleJBLUzLKPq1rrFoca0,/economy/b01ec2ed-5b74-4db3-af45-241f03c18d4e/us-economy-resilience-questions-fed-rate-cuts?
476,2024-04-29 18:25:29.134605+00,user_2fU9K3LbleJBLUzLKPq1rrFoca0,/home?
477,2024-04-29 18:26:28.892047+00,user_2fU9K3LbleJBLUzLKPq1rrFoca0,/economy?
478,2024-04-29 18:26:33.120496+00,user_2fU9K3LbleJBLUzLKPq1rrFoca0,/politics?
479,2024-04-29 18:26:34.04599+00,user_2fU9K3LbleJBLUzLKPq1rrFoca0,/home?
480,2024-04-29 18:26:35.039196+00,user_2fU9K3LbleJBLUzLKPq1rrFoca0,/economy?
481,2024-04-29 18:26:35.823207+00,user_2fU9K3LbleJBLUzLKPq1rrFoca0,/home?
482,2024-04-29 18:27:18.17358+00,user_2fU9K3LbleJBLUzLKPq1rrFoca0,/economy/b01ec2ed-5b74-4db3-af45-241f03c18d4e/us-economy-resilience-questions-fed-rate-cuts?
483,2024-04-29 18:31:43.019532+00,user_2fU9K3LbleJBLUzLKPq1rrFoca0,/home?
484,2024-04-29 18:32:10.657822+00,user_2fU9K3LbleJBLUzLKPq1rrFoca0,/economy?
485,2024-04-29 18:32:11.96074+00,user_2fU9K3LbleJBLUzLKPq1rrFoca0,/home?
486,2024-04-29 18:32:13.019446+00,user_2fU9K3LbleJBLUzLKPq1rrFoca0,/politics?
487,2024-04-29 18:32:13.551834+00,user_2fU9K3LbleJBLUzLKPq1rrFoca0,/home?
488,2024-04-29 18:36:06.718997+00,user_2fHkgigzGrFzFUSyXw5u6fmWJNn,/economy/b01ec2ed-5b74-4db3-af45-241f03c18d4e/us-economy-resilience-questions-fed-rate-cuts?
489,2024-04-29 18:36:06.808013+00,user_2fHkgigzGrFzFUSyXw5u6fmWJNn,/economy/b01ec2ed-5b74-4db3-af45-241f03c18d4e/us-economy-resilience-questions-fed-rate-cuts?
490,2024-04-29 18:36:10.150285+00,user_2fHkgigzGrFzFUSyXw5u6fmWJNn,/economy/b01ec2ed-5b74-4db3-af45-241f03c18d4e/us-economy-resilience-questions-fed-rate-cuts?
491,2024-04-29 18:36:10.255302+00,user_2fHkgigzGrFzFUSyXw5u6fmWJNn,/economy/b01ec2ed-5b74-4db3-af45-241f03c18d4e/us-economy-resilience-questions-fed-rate-cuts?
492,2024-04-29 18:36:14.173083+00,user_2fHkgigzGrFzFUSyXw5u6fmWJNn,/economy/b01ec2ed-5b74-4db3-af45-241f03c18d4e/us-economy-resilience-questions-fed-rate-cuts?
493,2024-04-29 18:36:14.295343+00,user_2fHkgigzGrFzFUSyXw5u6fmWJNn,/economy/b01ec2ed-5b74-4db3-af45-241f03c18d4e/us-economy-resilience-questions-fed-rate-cuts?
494,2024-04-29 18:36:41.925296+00,user_2fHkgigzGrFzFUSyXw5u6fmWJNn,/admin?
495,2024-04-29 18:36:42.128845+00,user_2fHkgigzGrFzFUSyXw5u6fmWJNn,/admin?
496,2024-04-29 18:37:02.441632+00,user_2fHkgigzGrFzFUSyXw5u6fmWJNn,/economy/b01ec2ed-5b74-4db3-af45-241f03c18d4e/us-economy-resilience-questions-fed-rate-cuts?
497,2024-04-29 18:37:02.580576+00,user_2fHkgigzGrFzFUSyXw5u6fmWJNn,/economy/b01ec2ed-5b74-4db3-af45-241f03c18d4e/us-economy-resilience-questions-fed-rate-cuts?
498,2024-04-29 18:37:07.197107+00,user_2fHkgigzGrFzFUSyXw5u6fmWJNn,/home?
499,2024-04-29 18:37:08.67973+00,user_2fHkgigzGrFzFUSyXw5u6fmWJNn,/economy/a896b837-f781-45f6-9e41-5a449ad4a9f6/us-economy-resilience-questions-fed-rate-cuts?
500,2024-04-29 18:37:16.832142+00,user_2fHkgigzGrFzFUSyXw5u6fmWJNn,/home?
501,2024-04-29 18:49:25.183956+00,user_2fU9K3LbleJBLUzLKPq1rrFoca0,/home?
502,2024-04-29 18:49:42.617691+00,user_2fU9K3LbleJBLUzLKPq1rrFoca0,/home?
503,2024-04-29 18:50:17.86492+00,user_2fU9K3LbleJBLUzLKPq1rrFoca0,/economy/a896b837-f781-45f6-9e41-5a449ad4a9f6/us-economy-resilience-questions-fed-rate-cuts?
504,2024-04-29 18:51:09.14311+00,user_2fU9K3LbleJBLUzLKPq1rrFoca0,/home?
505,2024-04-29 19:01:40.44307+00,user_2fU9K3LbleJBLUzLKPq1rrFoca0,/economy/a896b837-f781-45f6-9e41-5a449ad4a9f6/us-economy-resilience-questions-fed-rate-cuts?
506,2024-04-29 19:06:26.378032+00,user_2fU9K3LbleJBLUzLKPq1rrFoca0,/home?
507,2024-04-29 19:06:27.086497+00,user_2fU9K3LbleJBLUzLKPq1rrFoca0,/economy/a896b837-f781-45f6-9e41-5a449ad4a9f6/us-economy-resilience-questions-fed-rate-cuts?
508,2024-04-29 19:07:30.154471+00,user_2fU9K3LbleJBLUzLKPq1rrFoca0,/home?
509,2024-04-29 19:13:42.741105+00,user_2fU9K3LbleJBLUzLKPq1rrFoca0,/economy/a896b837-f781-45f6-9e41-5a449ad4a9f6/us-economy-resilience-questions-fed-rate-cuts?
510,2024-04-29 19:27:25.652054+00,user_2fU9K3LbleJBLUzLKPq1rrFoca0,/home?
511,2024-04-29 19:27:55.14803+00,user_2fU9K3LbleJBLUzLKPq1rrFoca0,/economy/a896b837-f781-45f6-9e41-5a449ad4a9f6/us-economy-resilience-questions-fed-rate-cuts?
512,2024-04-29 19:27:57.077484+00,user_2fU9K3LbleJBLUzLKPq1rrFoca0,/home?
513,2024-04-29 19:34:09.61545+00,user_2fU9K3LbleJBLUzLKPq1rrFoca0,/economy/a896b837-f781-45f6-9e41-5a449ad4a9f6/us-economy-resilience-questions-fed-rate-cuts?
514,2024-04-29 19:34:18.609764+00,user_2fU9K3LbleJBLUzLKPq1rrFoca0,/home?
515,2024-04-29 19:34:35.900883+00,user_2fU9K3LbleJBLUzLKPq1rrFoca0,/economy/a896b837-f781-45f6-9e41-5a449ad4a9f6/us-economy-resilience-questions-fed-rate-cuts?
516,2024-04-29 19:34:47.826871+00,user_2fU9K3LbleJBLUzLKPq1rrFoca0,/settings?
517,2024-04-29 19:35:07.377768+00,user_2fU9K3LbleJBLUzLKPq1rrFoca0,/?
518,2024-04-29 19:35:12.894166+00,user_2fU9K3LbleJBLUzLKPq1rrFoca0,/home?
519,2024-04-29 19:45:07.867711+00,user_2fU9K3LbleJBLUzLKPq1rrFoca0,/settings?
520,2024-04-29 19:45:12.872358+00,user_2fU9K3LbleJBLUzLKPq1rrFoca0,/?
521,2024-04-29 19:45:16.323533+00,user_2fU9K3LbleJBLUzLKPq1rrFoca0,/home?
522,2024-04-29 19:45:18.829081+00,user_2fU9K3LbleJBLUzLKPq1rrFoca0,/settings?
523,2024-04-29 19:45:21.822477+00,user_2fU9K3LbleJBLUzLKPq1rrFoca0,/economy?
524,2024-04-29 19:46:45.250176+00,user_2fU9K3LbleJBLUzLKPq1rrFoca0,/economy/a896b837-f781-45f6-9e41-5a449ad4a9f6/us-economy-resilience-questions-fed-rate-cuts?
525,2024-04-29 19:47:07.784283+00,user_2fU9K3LbleJBLUzLKPq1rrFoca0,/home?
526,2024-04-29 20:01:05.264411+00,user_2fU9K3LbleJBLUzLKPq1rrFoca0,/?
527,2024-04-29 20:01:09.486974+00,user_2fU9K3LbleJBLUzLKPq1rrFoca0,/home?
528,2024-04-29 20:01:12.8427+00,user_2fU9K3LbleJBLUzLKPq1rrFoca0,/politics?
529,2024-04-29 20:01:14.569121+00,user_2fU9K3LbleJBLUzLKPq1rrFoca0,/economy?
530,2024-04-29 20:01:16.564135+00,user_2fU9K3LbleJBLUzLKPq1rrFoca0,/?
531,2024-04-29 20:01:17.936075+00,user_2fU9K3LbleJBLUzLKPq1rrFoca0,/economy?
532,2024-04-29 20:01:39.602512+00,user_2fU9K3LbleJBLUzLKPq1rrFoca0,/?
533,2024-04-29 20:01:40.941245+00,user_2fU9K3LbleJBLUzLKPq1rrFoca0,/economy?
534,2024-04-29 20:02:50.921929+00,user_2fU9K3LbleJBLUzLKPq1rrFoca0,/economy/a896b837-f781-45f6-9e41-5a449ad4a9f6/us-economy-resilience-questions-fed-rate-cuts?
535,2024-04-29 20:02:51.740634+00,user_2fU9K3LbleJBLUzLKPq1rrFoca0,/economy?
536,2024-04-29 20:02:57.620453+00,user_2fU9K3LbleJBLUzLKPq1rrFoca0,/?
537,2024-04-29 20:02:58.329184+00,user_2fU9K3LbleJBLUzLKPq1rrFoca0,/economy?
538,2024-04-29 20:03:00.783259+00,user_2fU9K3LbleJBLUzLKPq1rrFoca0,/politics?
539,2024-04-29 20:03:02.238881+00,user_2fU9K3LbleJBLUzLKPq1rrFoca0,/economy?
540,2024-04-29 20:40:16.913954+00,user_2fU9K3LbleJBLUzLKPq1rrFoca0,/home?
541,2024-04-29 20:40:18.883235+00,user_2fU9K3LbleJBLUzLKPq1rrFoca0,/settings?
542,2024-04-29 20:43:21.300926+00,user_2fU9K3LbleJBLUzLKPq1rrFoca0,/home?
543,2024-04-29 20:45:08.778721+00,user_2fU9K3LbleJBLUzLKPq1rrFoca0,/economy?
544,2024-04-29 20:47:29.296135+00,user_2fU9K3LbleJBLUzLKPq1rrFoca0,/economy/a896b837-f781-45f6-9e41-5a449ad4a9f6/us-economy-resilience-questions-fed-rate-cuts?
545,2024-04-29 20:49:28.174985+00,user_2fU9K3LbleJBLUzLKPq1rrFoca0,/home?
546,2024-04-29 20:49:28.975963+00,user_2fU9K3LbleJBLUzLKPq1rrFoca0,/economy/a896b837-f781-45f6-9e41-5a449ad4a9f6/us-economy-resilience-questions-fed-rate-cuts?
547,2024-04-29 20:51:15.179249+00,user_2fU9K3LbleJBLUzLKPq1rrFoca0,/home?
548,2024-04-29 20:51:19.563789+00,user_2fU9K3LbleJBLUzLKPq1rrFoca0,/economy/a896b837-f781-45f6-9e41-5a449ad4a9f6/us-economy-resilience-questions-fed-rate-cuts?
549,2024-04-29 20:51:27.42324+00,user_2fU9K3LbleJBLUzLKPq1rrFoca0,/home?
550,2024-04-29 21:26:33.399741+00,user_2fHkgigzGrFzFUSyXw5u6fmWJNn,/?
551,2024-04-29 21:26:33.497843+00,user_2fHkgigzGrFzFUSyXw5u6fmWJNn,/?
552,2024-04-29 21:26:40.685173+00,user_2fHkgigzGrFzFUSyXw5u6fmWJNn,/home?
553,2024-04-29 21:27:33.017063+00,user_2fHkgigzGrFzFUSyXw5u6fmWJNn,/home?
554,2024-04-29 21:27:33.125931+00,user_2fHkgigzGrFzFUSyXw5u6fmWJNn,/home?
555,2024-04-29 21:27:49.602378+00,user_2fHkgigzGrFzFUSyXw5u6fmWJNn,/politics?
556,2024-04-29 21:28:06.243819+00,user_2fHkgigzGrFzFUSyXw5u6fmWJNn,/politics?
557,2024-04-29 21:28:06.324061+00,user_2fHkgigzGrFzFUSyXw5u6fmWJNn,/politics?
558,2024-04-29 21:28:55.774713+00,user_2fHkgigzGrFzFUSyXw5u6fmWJNn,/politics?
559,2024-04-29 21:28:55.87059+00,user_2fHkgigzGrFzFUSyXw5u6fmWJNn,/politics?
560,2024-04-29 21:29:06.670365+00,user_2fHkgigzGrFzFUSyXw5u6fmWJNn,/home?
561,2024-04-29 21:32:23.653725+00,user_2fHkgigzGrFzFUSyXw5u6fmWJNn,/settings?
562,2024-04-29 21:35:28.453576+00,user_2fHkgigzGrFzFUSyXw5u6fmWJNn,/home?
563,2024-04-29 21:36:35.269161+00,user_2fHkgigzGrFzFUSyXw5u6fmWJNn,/economy/a896b837-f781-45f6-9e41-5a449ad4a9f6/us-economy-resilience-questions-fed-rate-cuts?
564,2024-04-29 21:36:37.879972+00,user_2fHkgigzGrFzFUSyXw5u6fmWJNn,/settings?
565,2024-04-29 21:37:04.290781+00,user_2fHkgigzGrFzFUSyXw5u6fmWJNn,/home?
566,2024-04-29 22:08:33.409796+00,user_2fHkgigzGrFzFUSyXw5u6fmWJNn,/politics?
567,2024-04-29 22:08:35.61884+00,user_2fHkgigzGrFzFUSyXw5u6fmWJNn,/economy?
568,2024-04-29 22:08:38.118119+00,user_2fHkgigzGrFzFUSyXw5u6fmWJNn,/home?
569,2024-04-30 00:21:13.784493+00,user_2fU9K3LbleJBLUzLKPq1rrFoca0,/economy?
570,2024-04-30 00:21:18.009229+00,user_2fU9K3LbleJBLUzLKPq1rrFoca0,/?
571,2024-04-30 00:21:22.465015+00,user_2fU9K3LbleJBLUzLKPq1rrFoca0,/home?
572,2024-04-30 02:16:39.255138+00,user_2fHkgigzGrFzFUSyXw5u6fmWJNn,/home?
573,2024-04-30 02:16:39.360521+00,user_2fHkgigzGrFzFUSyXw5u6fmWJNn,/home?
574,2024-04-30 02:16:43.251363+00,user_2fHkgigzGrFzFUSyXw5u6fmWJNn,/admin?
575,2024-04-30 02:16:43.351668+00,user_2fHkgigzGrFzFUSyXw5u6fmWJNn,/admin?
576,2024-04-30 02:16:48.724981+00,user_2fHkgigzGrFzFUSyXw5u6fmWJNn,/home?
577,2024-04-30 02:16:48.851132+00,user_2fHkgigzGrFzFUSyXw5u6fmWJNn,/home?
578,2024-04-30 02:16:50.263267+00,user_2fHkgigzGrFzFUSyXw5u6fmWJNn,/home?
579,2024-04-30 02:16:50.358334+00,user_2fHkgigzGrFzFUSyXw5u6fmWJNn,/home?
580,2024-04-30 02:17:07.53055+00,user_2fHkgigzGrFzFUSyXw5u6fmWJNn,/home?
581,2024-04-30 02:17:07.627632+00,user_2fHkgigzGrFzFUSyXw5u6fmWJNn,/home?
582,2024-04-30 04:12:05.535154+00,user_2fU9K3LbleJBLUzLKPq1rrFoca0,/home?
583,2024-04-30 04:12:11.512227+00,user_2fU9K3LbleJBLUzLKPq1rrFoca0,/economy/a896b837-f781-45f6-9e41-5a449ad4a9f6/us-economy-resilience-questions-fed-rate-cuts?
584,2024-04-30 04:12:23.533129+00,user_2fU9K3LbleJBLUzLKPq1rrFoca0,/politics?
585,2024-04-30 04:12:26.664565+00,user_2fU9K3LbleJBLUzLKPq1rrFoca0,/economy?
586,2024-04-30 04:12:33.334648+00,user_2fU9K3LbleJBLUzLKPq1rrFoca0,/home?
587,2024-04-30 04:12:39.014458+00,user_2fU9K3LbleJBLUzLKPq1rrFoca0,/?
588,2024-04-30 04:12:42.334824+00,user_2fU9K3LbleJBLUzLKPq1rrFoca0,/home?
589,2024-04-30 04:21:36.193914+00,user_2fU9K3LbleJBLUzLKPq1rrFoca0,/?
590,2024-04-30 04:21:44.318625+00,user_2fU9K3LbleJBLUzLKPq1rrFoca0,/home?
591,2024-04-30 04:21:48.283031+00,user_2fU9K3LbleJBLUzLKPq1rrFoca0,/economy/a896b837-f781-45f6-9e41-5a449ad4a9f6/us-economy-resilience-questions-fed-rate-cuts?
592,2024-04-30 04:22:06.354165+00,user_2fU9K3LbleJBLUzLKPq1rrFoca0,/?
593,2024-04-30 04:22:12.114153+00,user_2fU9K3LbleJBLUzLKPq1rrFoca0,/home?
594,2024-04-30 04:41:04.288822+00,user_2fU9K3LbleJBLUzLKPq1rrFoca0,/home?
595,2024-04-30 04:41:10.110412+00,user_2fU9K3LbleJBLUzLKPq1rrFoca0,/?
596,2024-04-30 04:41:14.591449+00,user_2fU9K3LbleJBLUzLKPq1rrFoca0,/home?
597,2024-04-30 04:41:17.057158+00,user_2fU9K3LbleJBLUzLKPq1rrFoca0,/economy/a896b837-f781-45f6-9e41-5a449ad4a9f6/us-economy-resilience-questions-fed-rate-cuts?
598,2024-04-30 04:57:07.870315+00,user_2fU9K3LbleJBLUzLKPq1rrFoca0,/economy/a896b837-f781-45f6-9e41-5a449ad4a9f6/us-economy-resilience-questions-fed-rate-cuts?
599,2024-04-30 07:22:50.536929+00,user_2fU9K3LbleJBLUzLKPq1rrFoca0,/?
600,2024-04-30 07:22:57.496005+00,user_2fU9K3LbleJBLUzLKPq1rrFoca0,/home?
601,2024-04-30 07:23:00.38021+00,user_2fU9K3LbleJBLUzLKPq1rrFoca0,/economy?
602,2024-04-30 08:15:30.702547+00,user_2fU9K3LbleJBLUzLKPq1rrFoca0,/home?
603,2024-04-30 08:15:48.197092+00,user_2fU9K3LbleJBLUzLKPq1rrFoca0,/economy/a896b837-f781-45f6-9e41-5a449ad4a9f6/us-economy-resilience-questions-fed-rate-cuts?
604,2024-04-30 08:15:49.823678+00,user_2fU9K3LbleJBLUzLKPq1rrFoca0,/home?
605,2024-04-30 08:15:49.986647+00,user_2fU9K3LbleJBLUzLKPq1rrFoca0,/economy/a896b837-f781-45f6-9e41-5a449ad4a9f6/us-economy-resilience-questions-fed-rate-cuts?
606,2024-04-30 11:01:59.24892+00,user_2fU9K3LbleJBLUzLKPq1rrFoca0,/economy/a896b837-f781-45f6-9e41-5a449ad4a9f6/us-economy-resilience-questions-fed-rate-cuts?
607,2024-04-30 12:45:18.051259+00,user_2fU9K3LbleJBLUzLKPq1rrFoca0,/?
608,2024-04-30 12:45:21.910082+00,user_2fU9K3LbleJBLUzLKPq1rrFoca0,/home?
609,2024-04-30 12:45:45.444015+00,user_2fU9K3LbleJBLUzLKPq1rrFoca0,/economy?
610,2024-04-30 12:45:48.422497+00,user_2fU9K3LbleJBLUzLKPq1rrFoca0,/home?
611,2024-04-30 14:18:29.502985+00,user_2fU9K3LbleJBLUzLKPq1rrFoca0,/economy/a896b837-f781-45f6-9e41-5a449ad4a9f6/us-economy-resilience-questions-fed-rate-cuts?
612,2024-04-30 14:18:31.970791+00,user_2fU9K3LbleJBLUzLKPq1rrFoca0,/home?
613,2024-04-30 16:11:04.030902+00,user_2fHkgigzGrFzFUSyXw5u6fmWJNn,/?
614,2024-04-30 16:11:04.11419+00,user_2fHkgigzGrFzFUSyXw5u6fmWJNn,/?
615,2024-04-30 16:11:21.642923+00,user_2fHkgigzGrFzFUSyXw5u6fmWJNn,/home?
616,2024-04-30 16:17:05.823307+00,user_2fHkgigzGrFzFUSyXw5u6fmWJNn,/settings?
617,2024-04-30 16:17:10.846387+00,user_2fHkgigzGrFzFUSyXw5u6fmWJNn,/?
618,2024-04-30 16:17:10.922203+00,user_2fHkgigzGrFzFUSyXw5u6fmWJNn,/?
619,2024-04-30 16:17:13.981306+00,user_2fHkgigzGrFzFUSyXw5u6fmWJNn,/home?
620,2024-04-30 16:17:24.390483+00,user_2fHkgigzGrFzFUSyXw5u6fmWJNn,/settings?
621,2024-04-30 16:17:39.008051+00,user_2fHkgigzGrFzFUSyXw5u6fmWJNn,/home?
622,2024-04-30 16:17:41.827666+00,user_2fHkgigzGrFzFUSyXw5u6fmWJNn,/?
623,2024-04-30 16:17:41.92926+00,user_2fHkgigzGrFzFUSyXw5u6fmWJNn,/?
624,2024-04-30 16:17:57.473955+00,user_2fHkgigzGrFzFUSyXw5u6fmWJNn,/home?
625,2024-04-30 16:23:23.2488+00,user_2fHkgigzGrFzFUSyXw5u6fmWJNn,/home?
626,2024-04-30 16:23:23.33632+00,user_2fHkgigzGrFzFUSyXw5u6fmWJNn,/home?
627,2024-04-30 16:26:12.518494+00,user_2fHkgigzGrFzFUSyXw5u6fmWJNn,/home?
628,2024-04-30 16:26:12.612183+00,user_2fHkgigzGrFzFUSyXw5u6fmWJNn,/home?
629,2024-04-30 16:31:02.91311+00,user_2fHkgigzGrFzFUSyXw5u6fmWJNn,/economy/a896b837-f781-45f6-9e41-5a449ad4a9f6/us-economy-resilience-questions-fed-rate-cuts?
630,2024-04-30 16:32:21.207247+00,user_2fHkgigzGrFzFUSyXw5u6fmWJNn,/economy/a896b837-f781-45f6-9e41-5a449ad4a9f6/us-economy-resilience-questions-fed-rate-cuts?
631,2024-04-30 16:32:21.287685+00,user_2fHkgigzGrFzFUSyXw5u6fmWJNn,/economy/a896b837-f781-45f6-9e41-5a449ad4a9f6/us-economy-resilience-questions-fed-rate-cuts?
632,2024-04-30 16:32:22.794861+00,user_2fHkgigzGrFzFUSyXw5u6fmWJNn,/?
633,2024-04-30 16:32:29.143265+00,user_2fHkgigzGrFzFUSyXw5u6fmWJNn,/home?
634,2024-04-30 16:52:24.476312+00,user_2fHkgigzGrFzFUSyXw5u6fmWJNn,/home?
635,2024-04-30 16:52:24.561914+00,user_2fHkgigzGrFzFUSyXw5u6fmWJNn,/home?
636,2024-04-30 17:11:40.956637+00,user_2fHkgigzGrFzFUSyXw5u6fmWJNn,/economy/a896b837-f781-45f6-9e41-5a449ad4a9f6/us-economy-resilience-questions-fed-rate-cuts?
637,2024-04-30 17:16:30.431876+00,user_2fHkgigzGrFzFUSyXw5u6fmWJNn,/home?
638,2024-04-30 17:17:10.361384+00,user_2fHkgigzGrFzFUSyXw5u6fmWJNn,/privacy?
639,2024-04-30 17:17:10.455952+00,user_2fHkgigzGrFzFUSyXw5u6fmWJNn,/privacy?
640,2024-04-30 17:17:16.9465+00,user_2fHkgigzGrFzFUSyXw5u6fmWJNn,/home?
641,2024-04-30 17:17:17.042074+00,user_2fHkgigzGrFzFUSyXw5u6fmWJNn,/home?
642,2024-04-30 17:47:17.237737+00,user_2fHkgigzGrFzFUSyXw5u6fmWJNn,/?
643,2024-04-30 17:47:23.268292+00,user_2fHkgigzGrFzFUSyXw5u6fmWJNn,/home?
644,2024-04-30 18:07:33.08392+00,user_2fU9K3LbleJBLUzLKPq1rrFoca0,/home?
645,2024-04-30 18:44:42.990048+00,user_2fHkgigzGrFzFUSyXw5u6fmWJNn,/?
646,2024-04-30 18:44:43.133243+00,user_2fHkgigzGrFzFUSyXw5u6fmWJNn,/?
647,2024-04-30 18:44:49.810788+00,user_2fHkgigzGrFzFUSyXw5u6fmWJNn,/home?
648,2024-04-30 18:45:41.934195+00,user_2fHkgigzGrFzFUSyXw5u6fmWJNn,/home?
649,2024-04-30 18:45:42.074473+00,user_2fHkgigzGrFzFUSyXw5u6fmWJNn,/home?
650,2024-04-30 18:45:43.67977+00,user_2fHkgigzGrFzFUSyXw5u6fmWJNn,/home?
651,2024-04-30 18:45:43.783995+00,user_2fHkgigzGrFzFUSyXw5u6fmWJNn,/home?
652,2024-04-30 18:45:45.412758+00,user_2fHkgigzGrFzFUSyXw5u6fmWJNn,/home?
653,2024-04-30 18:45:45.524271+00,user_2fHkgigzGrFzFUSyXw5u6fmWJNn,/home?
654,2024-04-30 19:11:36.237308+00,user_2fHkgigzGrFzFUSyXw5u6fmWJNn,/home?
655,2024-04-30 19:24:29.564999+00,user_2fHkgigzGrFzFUSyXw5u6fmWJNn,/?
656,2024-04-30 19:24:29.72845+00,user_2fHkgigzGrFzFUSyXw5u6fmWJNn,/?
657,2024-04-30 19:26:22.755565+00,user_2fHkgigzGrFzFUSyXw5u6fmWJNn,/home?
658,2024-04-30 19:30:49.417461+00,user_2fU9K3LbleJBLUzLKPq1rrFoca0,/?
659,2024-04-30 19:30:51.788607+00,user_2fU9K3LbleJBLUzLKPq1rrFoca0,/home?
660,2024-04-30 19:31:06.54189+00,user_2fU9K3LbleJBLUzLKPq1rrFoca0,/economy?
661,2024-04-30 19:31:08.468062+00,user_2fU9K3LbleJBLUzLKPq1rrFoca0,/home?
662,2024-04-30 19:31:23.311555+00,user_2fU9K3LbleJBLUzLKPq1rrFoca0,/settings?
663,2024-04-30 19:41:52.919432+00,user_2fHkgigzGrFzFUSyXw5u6fmWJNn,/home?
664,2024-04-30 19:41:53.008886+00,user_2fHkgigzGrFzFUSyXw5u6fmWJNn,/home?
665,2024-04-30 19:43:39.353212+00,user_2fHkgigzGrFzFUSyXw5u6fmWJNn,/home?
666,2024-04-30 19:43:39.470215+00,user_2fHkgigzGrFzFUSyXw5u6fmWJNn,/home?
667,2024-04-30 19:44:36.713283+00,user_2fHkgigzGrFzFUSyXw5u6fmWJNn,/home?
668,2024-04-30 19:44:36.815636+00,user_2fHkgigzGrFzFUSyXw5u6fmWJNn,/home?
669,2024-04-30 19:45:55.598614+00,user_2fHkgigzGrFzFUSyXw5u6fmWJNn,/economy?